,Artist Name,Song Title,danceability,energy,key,loudness,mode,speechiness,acousticness,instrumentalness,liveness,valence,tempo,type,id,uri,track_href,analysis_url,duration_ms,time_signature
0,Kesha,Tik Tok,0.755,0.837,2.0,-2.718,0.0,0.142,0.0991,0.0,0.289,0.714,120.028,audio_features,0HPD5WQqrq7wPWR7P7Dw1i,spotify:track:0HPD5WQqrq7wPWR7P7Dw1i,https://api.spotify.com/v1/tracks/0HPD5WQqrq7wPWR7P7Dw1i,https://api.spotify.com/v1/audio-analysis/0HPD5WQqrq7wPWR7P7Dw1i,199693.0,4.0
1,Lady Antebellum,Need You Now,0.587,0.622,4.0,-5.535,1.0,0.0303,0.0927,0.000636,0.2,0.231,107.943,audio_features,11EX5yhxr9Ihl3IN1asrfK,spotify:track:11EX5yhxr9Ihl3IN1asrfK,https://api.spotify.com/v1/tracks/11EX5yhxr9Ihl3IN1asrfK,https://api.spotify.com/v1/audio-analysis/11EX5yhxr9Ihl3IN1asrfK,277573.0,4.0
2,Train,"Hey, Soul Sister",0.673,0.886,1.0,-4.44,0.0,0.0431,0.185,0.0,0.0826,0.795,97.012,audio_features,4HlFJV71xXKIGcU3kRyttv,spotify:track:4HlFJV71xXKIGcU3kRyttv,https://api.spotify.com/v1/tracks/4HlFJV71xXKIGcU3kRyttv,https://api.spotify.com/v1/audio-analysis/4HlFJV71xXKIGcU3kRyttv,216773.0,4.0
3,Lady Gaga,Bad Romance,0.696,0.921,0.0,-3.755,1.0,0.0363,0.00314,5.24e-05,0.0842,0.714,119.001,audio_features,0SiywuOBRcynK0uKGWdCnn,spotify:track:0SiywuOBRcynK0uKGWdCnn,https://api.spotify.com/v1/tracks/0SiywuOBRcynK0uKGWdCnn,https://api.spotify.com/v1/audio-analysis/0SiywuOBRcynK0uKGWdCnn,294573.0,4.0
4,Taio Cruz,Dynamite,0.751,0.783,4.0,-3.724,1.0,0.0859,0.00379,0.0,0.036,0.816,119.975,audio_features,2CEgGE6aESpnmtfiZwYlbV,spotify:track:2CEgGE6aESpnmtfiZwYlbV,https://api.spotify.com/v1/tracks/2CEgGE6aESpnmtfiZwYlbV,https://api.spotify.com/v1/audio-analysis/2CEgGE6aESpnmtfiZwYlbV,202613.0,4.0
5,Jason Derulo,In My Head,0.762,0.748,0.0,-4.15,0.0,0.033,0.0266,0.0,0.348,0.851,110.009,audio_features,5BoIP8Eha5hwmRVURkC2Us,spotify:track:5BoIP8Eha5hwmRVURkC2Us,https://api.spotify.com/v1/tracks/5BoIP8Eha5hwmRVURkC2Us,https://api.spotify.com/v1/audio-analysis/5BoIP8Eha5hwmRVURkC2Us,199027.0,4.0
6,Rihanna,Rude Boy,0.563,0.75,11.0,-4.496,1.0,0.127,0.113,0.0,0.0788,0.812,173.906,audio_features,60jzFy6Nn4M0iD1d94oteF,spotify:track:60jzFy6Nn4M0iD1d94oteF,https://api.spotify.com/v1/tracks/60jzFy6Nn4M0iD1d94oteF,https://api.spotify.com/v1/audio-analysis/60jzFy6Nn4M0iD1d94oteF,222920.0,4.0
7,Katy Perry,Teenage Dream,0.719,0.798,10.0,-4.582,1.0,0.0361,0.0162,2.34e-06,0.134,0.591,120.011,audio_features,5jzKL4BDMClWqRguW5qZvh,spotify:track:5jzKL4BDMClWqRguW5qZvh,https://api.spotify.com/v1/tracks/5jzKL4BDMClWqRguW5qZvh,https://api.spotify.com/v1/audio-analysis/5jzKL4BDMClWqRguW5qZvh,227741.0,4.0
8,Bruno Mars,Just the Way You Are,0.635,0.841,5.0,-5.379,1.0,0.0422,0.0134,0.0,0.0622,0.424,109.021,audio_features,7BqBn9nzAq8spo5e7cZ0dJ,spotify:track:7BqBn9nzAq8spo5e7cZ0dJ,https://api.spotify.com/v1/tracks/7BqBn9nzAq8spo5e7cZ0dJ,https://api.spotify.com/v1/audio-analysis/7BqBn9nzAq8spo5e7cZ0dJ,220734.0,4.0
9,Mike Posner,Cooler Than Me,0.768,0.82,7.0,-4.63,0.0,0.0474,0.179,0.0,0.689,0.625,129.965,audio_features,2V4bv1fNWfTcyRJKmej6Sj,spotify:track:2V4bv1fNWfTcyRJKmej6Sj,https://api.spotify.com/v1/tracks/2V4bv1fNWfTcyRJKmej6Sj,https://api.spotify.com/v1/audio-analysis/2V4bv1fNWfTcyRJKmej6Sj,213293.0,4.0
10,The Black Eyed Peas,Imma Be,0.595,0.352,5.0,-11.306,0.0,0.378,0.0981,0.0,0.359,0.497,183.956,audio_features,1l3uATPCcIpY9BDGPmuzzw,spotify:track:1l3uATPCcIpY9BDGPmuzzw,https://api.spotify.com/v1/tracks/1l3uATPCcIpY9BDGPmuzzw,https://api.spotify.com/v1/audio-analysis/1l3uATPCcIpY9BDGPmuzzw,258651.0,4.0
11,Eminem,Not Afraid,0.855,0.954,0.0,-1.19,0.0,0.264,0.529,0.0,0.205,0.668,114.635,audio_features,7Ie9W94M7OjPoZVV216Xus,spotify:track:7Ie9W94M7OjPoZVV216Xus,https://api.spotify.com/v1/tracks/7Ie9W94M7OjPoZVV216Xus,https://api.spotify.com/v1/audio-analysis/7Ie9W94M7OjPoZVV216Xus,248133.0,5.0
12,Iyaz,Replay,0.706,0.751,9.0,-6.323,1.0,0.0708,0.173,0.0,0.168,0.195,91.031,audio_features,5vlEg2fT4cFWAqU5QptIpQ,spotify:track:5vlEg2fT4cFWAqU5QptIpQ,https://api.spotify.com/v1/tracks/5vlEg2fT4cFWAqU5QptIpQ,https://api.spotify.com/v1/audio-analysis/5vlEg2fT4cFWAqU5QptIpQ,182307.0,4.0
13,The Script,Breakeven,0.63,0.696,10.0,-4.501,1.0,0.0242,0.144,0.0,0.0835,0.491,94.034,audio_features,285hMzLhJwHVLe9QT9qilk,spotify:track:285hMzLhJwHVLe9QT9qilk,https://api.spotify.com/v1/tracks/285hMzLhJwHVLe9QT9qilk,https://api.spotify.com/v1/audio-analysis/285hMzLhJwHVLe9QT9qilk,261427.0,4.0
14,Kesha,Your Love Is My Drug,0.826,0.612,1.0,-3.891,1.0,0.0982,0.00681,0.0,0.0889,0.756,120.057,audio_features,6vc2Jq2vaGu8z326kSrw92,spotify:track:6vc2Jq2vaGu8z326kSrw92,https://api.spotify.com/v1/tracks/6vc2Jq2vaGu8z326kSrw92,https://api.spotify.com/v1/audio-analysis/6vc2Jq2vaGu8z326kSrw92,187133.0,4.0
15,The Black Eyed Peas,I Gotta Feeling,0.73,0.52,7.0,-8.574,1.0,0.0451,0.000716,0.89,0.0672,0.152,127.989,audio_features,7DvZxfDwItoRnphy3PqDSv,spotify:track:7DvZxfDwItoRnphy3PqDSv,https://api.spotify.com/v1/tracks/7DvZxfDwItoRnphy3PqDSv,https://api.spotify.com/v1/audio-analysis/7DvZxfDwItoRnphy3PqDSv,247500.0,4.0
16,Owl City,Fireflies,0.512,0.662,3.0,-6.797,1.0,0.0439,0.0275,0.0,0.118,0.472,180.114,audio_features,3DamFFqW32WihKkTVlwTYQ,spotify:track:3DamFFqW32WihKkTVlwTYQ,https://api.spotify.com/v1/tracks/3DamFFqW32WihKkTVlwTYQ,https://api.spotify.com/v1/audio-analysis/3DamFFqW32WihKkTVlwTYQ,228347.0,4.0
17,Drake,Find Your Love,0.627,0.614,6.0,-6.006,0.0,0.17,0.0211,0.0,0.0286,0.758,96.038,audio_features,4BycRneKmOs6MhYG9THsuX,spotify:track:4BycRneKmOs6MhYG9THsuX,https://api.spotify.com/v1/tracks/4BycRneKmOs6MhYG9THsuX,https://api.spotify.com/v1/audio-analysis/4BycRneKmOs6MhYG9THsuX,208947.0,4.0
18,Lady Gaga,Alejandro,0.626,0.799,11.0,-6.612,0.0,0.046,0.000358,0.00155,0.36,0.369,98.992,audio_features,4lwavw59UjXUPJZtKNdFYp,spotify:track:4lwavw59UjXUPJZtKNdFYp,https://api.spotify.com/v1/tracks/4lwavw59UjXUPJZtKNdFYp,https://api.spotify.com/v1/audio-analysis/4lwavw59UjXUPJZtKNdFYp,274213.0,4.0
19,Jason Derulo,Ridin' Solo,0.442,0.83,9.0,-4.02,1.0,0.146,0.128,0.0,0.129,0.578,89.338,audio_features,6BaxqcoEM9r3LXisTyJjST,spotify:track:6BaxqcoEM9r3LXisTyJjST,https://api.spotify.com/v1/tracks/6BaxqcoEM9r3LXisTyJjST,https://api.spotify.com/v1/audio-analysis/6BaxqcoEM9r3LXisTyJjST,215747.0,4.0
20,Nelly,Just a Dream,0.531,0.752,1.0,-6.161,1.0,0.0305,0.0421,0.0,0.12,0.103,89.917,audio_features,3ZdJffjzJWFimSQyxgGIxN,spotify:track:3ZdJffjzJWFimSQyxgGIxN,https://api.spotify.com/v1/tracks/3ZdJffjzJWFimSQyxgGIxN,https://api.spotify.com/v1/audio-analysis/3ZdJffjzJWFimSQyxgGIxN,237800.0,4.0
21,Ludacris,How Low,0.785,0.498,1.0,-6.977,1.0,0.0533,0.00248,1.23e-06,0.224,0.418,143.96,audio_features,1WtTLtofvcjQM3sXSMkDdX,spotify:track:1WtTLtofvcjQM3sXSMkDdX,https://api.spotify.com/v1/tracks/1WtTLtofvcjQM3sXSMkDdX,https://api.spotify.com/v1/audio-analysis/1WtTLtofvcjQM3sXSMkDdX,201587.0,4.0
22,La Roux,Bulletproof,0.674,0.882,3.0,-2.771,0.0,0.0477,0.000441,6.47e-05,0.068,0.682,123.016,audio_features,3kMrazSvILsgcwtidZd1Qd,spotify:track:3kMrazSvILsgcwtidZd1Qd,https://api.spotify.com/v1/tracks/3kMrazSvILsgcwtidZd1Qd,https://api.spotify.com/v1/audio-analysis/3kMrazSvILsgcwtidZd1Qd,205733.0,4.0
23,Jason Derulo,Whatcha Say,0.615,0.711,11.0,-5.507,1.0,0.0779,0.0444,0.0,0.145,0.711,144.036,audio_features,67T6l4q3zVjC5nZZPXByU8,spotify:track:67T6l4q3zVjC5nZZPXByU8,https://api.spotify.com/v1/tracks/67T6l4q3zVjC5nZZPXByU8,https://api.spotify.com/v1/audio-analysis/67T6l4q3zVjC5nZZPXByU8,221253.0,4.0
24,Adam Lambert,Whataya Want from Me,0.44,0.683,11.0,-4.732,0.0,0.0489,0.00706,0.0,0.0593,0.445,185.948,audio_features,2rDwdvBma1O1eLzo29p2cr,spotify:track:2rDwdvBma1O1eLzo29p2cr,https://api.spotify.com/v1/tracks/2rDwdvBma1O1eLzo29p2cr,https://api.spotify.com/v1/audio-analysis/2rDwdvBma1O1eLzo29p2cr,227320.0,4.0
25,Taylor Swift,Mine,0.624,0.757,7.0,-2.94,1.0,0.0296,0.00265,1.87e-06,0.189,0.658,121.07,audio_features,0dBW6ZsW8skfvoRfgeerBF,spotify:track:0dBW6ZsW8skfvoRfgeerBF,https://api.spotify.com/v1/tracks/0dBW6ZsW8skfvoRfgeerBF,https://api.spotify.com/v1/audio-analysis/0dBW6ZsW8skfvoRfgeerBF,230707.0,4.0
26,Rihanna,Only Girl (In the World),0.789,0.706,11.0,-4.233,0.0,0.0429,0.112,1.71e-05,0.0586,0.638,125.911,audio_features,2ENexcMEMsYk0rVJigVD3i,spotify:track:2ENexcMEMsYk0rVJigVD3i,https://api.spotify.com/v1/tracks/2ENexcMEMsYk0rVJigVD3i,https://api.spotify.com/v1/audio-analysis/2ENexcMEMsYk0rVJigVD3i,235493.0,4.0
27,Kris Allen,Live Like We're Dying,0.589,0.893,0.0,-2.948,1.0,0.0397,0.0273,0.0,0.343,0.94,92.011,audio_features,1HfxPaJggVwFsvOtHbVzMz,spotify:track:1HfxPaJggVwFsvOtHbVzMz,https://api.spotify.com/v1/tracks/1HfxPaJggVwFsvOtHbVzMz,https://api.spotify.com/v1/audio-analysis/1HfxPaJggVwFsvOtHbVzMz,212507.0,4.0
28,Adele,Rolling in the Deep,0.73,0.769,8.0,-5.114,1.0,0.0298,0.138,0.0,0.0473,0.507,104.948,audio_features,1c8gk2PeTE04A1pIDH9YMk,spotify:track:1c8gk2PeTE04A1pIDH9YMk,https://api.spotify.com/v1/tracks/1c8gk2PeTE04A1pIDH9YMk,https://api.spotify.com/v1/audio-analysis/1c8gk2PeTE04A1pIDH9YMk,228093.0,4.0
29,Katy Perry,Firework,0.638,0.832,8.0,-5.039,1.0,0.049,0.141,0.0,0.113,0.648,124.071,audio_features,4r6eNCsrZnQWJzzvFh4nlg,spotify:track:4r6eNCsrZnQWJzzvFh4nlg,https://api.spotify.com/v1/tracks/4r6eNCsrZnQWJzzvFh4nlg,https://api.spotify.com/v1/audio-analysis/4r6eNCsrZnQWJzzvFh4nlg,227893.0,4.0
30,Bruno Mars,Grenade,0.704,0.558,2.0,-7.273,0.0,0.0542,0.148,0.0,0.107,0.245,110.444,audio_features,2tJulUYLDKOg9XrtVkMgcJ,spotify:track:2tJulUYLDKOg9XrtVkMgcJ,https://api.spotify.com/v1/tracks/2tJulUYLDKOg9XrtVkMgcJ,https://api.spotify.com/v1/audio-analysis/2tJulUYLDKOg9XrtVkMgcJ,222091.0,4.0
31,Nicki Minaj,Super Bass,0.723,0.86,11.0,-4.357,1.0,0.203,0.271,4.56e-06,0.598,0.667,126.979,audio_features,3hlksXnvbKogFdPbpO9vel,spotify:track:3hlksXnvbKogFdPbpO9vel,https://api.spotify.com/v1/tracks/3hlksXnvbKogFdPbpO9vel,https://api.spotify.com/v1/audio-analysis/3hlksXnvbKogFdPbpO9vel,200013.0,4.0
32,The Black Eyed Peas,Just Can't Get Enough,0.475,0.44,0.0,-11.459,0.0,0.0395,0.116,0.715,0.126,0.107,93.993,audio_features,19jd1ffgFMwGpafuoqImry,spotify:track:19jd1ffgFMwGpafuoqImry,https://api.spotify.com/v1/tracks/19jd1ffgFMwGpafuoqImry,https://api.spotify.com/v1/audio-analysis/19jd1ffgFMwGpafuoqImry,222015.0,4.0
33,Rihanna,S&M,0.529,0.673,0.0,-4.711,1.0,0.175,0.000307,2.41e-06,0.093,0.366,165.921,audio_features,3F5CgOj3wFlRv51JsHbxhe,spotify:track:3F5CgOj3wFlRv51JsHbxhe,https://api.spotify.com/v1/tracks/3F5CgOj3wFlRv51JsHbxhe,https://api.spotify.com/v1/audio-analysis/3F5CgOj3wFlRv51JsHbxhe,218365.0,4.0
34,Foster the People,Pumped Up Kicks,0.733,0.71,5.0,-5.849,0.0,0.0292,0.145,0.115,0.0956,0.965,127.975,audio_features,7w87IxuO7BDcJ3YUqCyMTT,spotify:track:7w87IxuO7BDcJ3YUqCyMTT,https://api.spotify.com/v1/tracks/7w87IxuO7BDcJ3YUqCyMTT,https://api.spotify.com/v1/audio-analysis/7w87IxuO7BDcJ3YUqCyMTT,239600.0,4.0
35,Katy Perry,Last Friday Night (T.G.I.F.),0.652,0.812,3.0,-3.797,0.0,0.0409,0.00125,3.01e-05,0.667,0.72,126.023,audio_features,3avYqdwHKEq8beXbeWCKqJ,spotify:track:3avYqdwHKEq8beXbeWCKqJ,https://api.spotify.com/v1/tracks/3avYqdwHKEq8beXbeWCKqJ,https://api.spotify.com/v1/audio-analysis/3avYqdwHKEq8beXbeWCKqJ,230733.0,4.0
36,Bruno Mars,Just the Way You Are,0.635,0.841,5.0,-5.379,1.0,0.0422,0.0134,0.0,0.0622,0.424,109.021,audio_features,7BqBn9nzAq8spo5e7cZ0dJ,spotify:track:7BqBn9nzAq8spo5e7cZ0dJ,https://api.spotify.com/v1/tracks/7BqBn9nzAq8spo5e7cZ0dJ,https://api.spotify.com/v1/audio-analysis/7BqBn9nzAq8spo5e7cZ0dJ,220734.0,4.0
37,Pink,Raise Your Glass,0.657,0.925,7.0,-4.723,1.0,0.0942,0.00241,0.00379,0.255,0.348,126.997,audio_features,0pHYH21o5nbgtrfULWIHzE,spotify:track:0pHYH21o5nbgtrfULWIHzE,https://api.spotify.com/v1/tracks/0pHYH21o5nbgtrfULWIHzE,https://api.spotify.com/v1/audio-analysis/0pHYH21o5nbgtrfULWIHzE,199427.0,4.0
38,Lady Gaga,Born This Way,0.587,0.828,11.0,-5.108,1.0,0.161,0.00327,0.0,0.331,0.494,123.907,audio_features,6r2BECwMgEoRb5yLfp0Hca,spotify:track:6r2BECwMgEoRb5yLfp0Hca,https://api.spotify.com/v1/tracks/6r2BECwMgEoRb5yLfp0Hca,https://api.spotify.com/v1/audio-analysis/6r2BECwMgEoRb5yLfp0Hca,260253.0,4.0
39,Pink,F**kin' Perfect,0.567,0.863,5.0,-6.387,0.0,0.0384,0.0195,0.00202,0.293,0.13,128.016,audio_features,5COIZzp73YrsZj9uIfrvnu,spotify:track:5COIZzp73YrsZj9uIfrvnu,https://api.spotify.com/v1/tracks/5COIZzp73YrsZj9uIfrvnu,https://api.spotify.com/v1/audio-analysis/5COIZzp73YrsZj9uIfrvnu,163724.0,4.0
40,Lil Wayne,How to Love,0.644,0.661,11.0,-6.093,1.0,0.0418,0.000177,5.14e-06,0.108,0.272,154.001,audio_features,36IZGm2IuECLTxMKa9qajO,spotify:track:36IZGm2IuECLTxMKa9qajO,https://api.spotify.com/v1/tracks/36IZGm2IuECLTxMKa9qajO,https://api.spotify.com/v1/audio-analysis/36IZGm2IuECLTxMKa9qajO,240307.0,4.0
41,Adele,Someone Like You,0.556,0.319,9.0,-8.251,1.0,0.0281,0.893,0.0,0.0996,0.294,135.187,audio_features,1zwMYTA5nlNjZxYrvBB2pV,spotify:track:1zwMYTA5nlNjZxYrvBB2pV,https://api.spotify.com/v1/tracks/1zwMYTA5nlNjZxYrvBB2pV,https://api.spotify.com/v1/audio-analysis/1zwMYTA5nlNjZxYrvBB2pV,285240.0,4.0
42,OneRepublic,Good Life,0.634,0.69,6.0,-7.804,1.0,0.052,0.0771,0.0,0.132,0.645,94.988,audio_features,6OtCIsQZ64Vs1EbzztvAv4,spotify:track:6OtCIsQZ64Vs1EbzztvAv4,https://api.spotify.com/v1/tracks/6OtCIsQZ64Vs1EbzztvAv4,https://api.spotify.com/v1/audio-analysis/6OtCIsQZ64Vs1EbzztvAv4,253307.0,4.0
43,Bruno Mars,The Lazy Song,0.794,0.711,8.0,-5.124,0.0,0.0699,0.3,0.0,0.0955,0.955,174.915,audio_features,1ExfPZEiahqhLyajhybFeS,spotify:track:1ExfPZEiahqhLyajhybFeS,https://api.spotify.com/v1/tracks/1ExfPZEiahqhLyajhybFeS,https://api.spotify.com/v1/audio-analysis/1ExfPZEiahqhLyajhybFeS,189109.0,4.0
44,Britney Spears,Till the World Ends,0.693,0.705,8.0,-5.747,1.0,0.0665,0.0228,0.0,0.202,0.45,131.951,audio_features,38iU2jg98IZZEIJPrP7aWD,spotify:track:38iU2jg98IZZEIJPrP7aWD,https://api.spotify.com/v1/tracks/38iU2jg98IZZEIJPrP7aWD,https://api.spotify.com/v1/audio-analysis/38iU2jg98IZZEIJPrP7aWD,237947.0,4.0
45,Lupe Fiasco,The Show Goes On,0.591,0.889,7.0,-3.839,1.0,0.115,0.0189,0.0,0.155,0.65,143.067,audio_features,4NTWZqvfQTlOMitlVn6tew,spotify:track:4NTWZqvfQTlOMitlVn6tew,https://api.spotify.com/v1/tracks/4NTWZqvfQTlOMitlVn6tew,https://api.spotify.com/v1/audio-analysis/4NTWZqvfQTlOMitlVn6tew,239613.0,4.0
46,Lady Gaga,The Edge of Glory,0.581,0.772,9.0,-6.544,1.0,0.0401,0.000343,0.0191,0.11,0.361,127.952,audio_features,0JNdS1n0ifOP25XvhwAMgM,spotify:track:0JNdS1n0ifOP25XvhwAMgM,https://api.spotify.com/v1/tracks/0JNdS1n0ifOP25XvhwAMgM,https://api.spotify.com/v1/audio-analysis/0JNdS1n0ifOP25XvhwAMgM,320587.0,4.0
47,Kesha,We R Who We R,0.736,0.817,8.0,-4.9,1.0,0.0407,0.00987,0.00167,0.117,0.653,119.95,audio_features,3LUWWox8YYykohBbHUrrxd,spotify:track:3LUWWox8YYykohBbHUrrxd,https://api.spotify.com/v1/tracks/3LUWWox8YYykohBbHUrrxd,https://api.spotify.com/v1/audio-analysis/3LUWWox8YYykohBbHUrrxd,204760.0,4.0
48,Wiz Khalifa,Black and Yellow,0.684,0.834,2.0,-4.524,0.0,0.0675,0.0646,0.0,0.271,0.538,164.02,audio_features,5A6OHHy73AR5tLxgTc98zz,spotify:track:5A6OHHy73AR5tLxgTc98zz,https://api.spotify.com/v1/tracks/5A6OHHy73AR5tLxgTc98zz,https://api.spotify.com/v1/audio-analysis/5A6OHHy73AR5tLxgTc98zz,217667.0,4.0
49,Hot Chelle Rae,Tonight Tonight,0.686,0.783,4.0,-4.977,1.0,0.119,0.0764,0.0,0.163,0.814,99.978,audio_features,2i0AUcEnsDm3dsqLrFWUCq,spotify:track:2i0AUcEnsDm3dsqLrFWUCq,https://api.spotify.com/v1/tracks/2i0AUcEnsDm3dsqLrFWUCq,https://api.spotify.com/v1/audio-analysis/2i0AUcEnsDm3dsqLrFWUCq,200467.0,4.0
50,Kesha,Blow,0.753,0.729,11.0,-3.862,0.0,0.0392,0.00334,5.66e-05,0.073,0.812,120.013,audio_features,3pYDZTJM2tVBUhIRifWVzI,spotify:track:3pYDZTJM2tVBUhIRifWVzI,https://api.spotify.com/v1/tracks/3pYDZTJM2tVBUhIRifWVzI,https://api.spotify.com/v1/audio-analysis/3pYDZTJM2tVBUhIRifWVzI,219973.0,4.0
51,The Band Perry,If I Die Young,0.606,0.497,4.0,-6.611,1.0,0.0277,0.348,0.0,0.275,0.362,130.739,audio_features,4u26EevCNXMhlvE1xFBJwX,spotify:track:4u26EevCNXMhlvE1xFBJwX,https://api.spotify.com/v1/tracks/4u26EevCNXMhlvE1xFBJwX,https://api.spotify.com/v1/audio-analysis/4u26EevCNXMhlvE1xFBJwX,222773.0,4.0
52,The Black Eyed Peas,The Time (Dirty Bit),0.799,0.676,9.0,-12.642,1.0,0.0523,0.0339,0.00212,0.0892,0.679,128.009,audio_features,3TyIWEX7dDQI5tsKLEJtKA,spotify:track:3TyIWEX7dDQI5tsKLEJtKA,https://api.spotify.com/v1/tracks/3TyIWEX7dDQI5tsKLEJtKA,https://api.spotify.com/v1/audio-analysis/3TyIWEX7dDQI5tsKLEJtKA,294191.0,4.0
53,Rihanna,Only Girl (In the World),0.789,0.706,11.0,-4.233,0.0,0.0429,0.112,1.71e-05,0.0586,0.638,125.911,audio_features,2ENexcMEMsYk0rVJigVD3i,spotify:track:2ENexcMEMsYk0rVJigVD3i,https://api.spotify.com/v1/tracks/2ENexcMEMsYk0rVJigVD3i,https://api.spotify.com/v1/audio-analysis/2ENexcMEMsYk0rVJigVD3i,235493.0,4.0
54,Lady Antebellum,Just a Kiss,0.593,0.639,1.0,-5.826,1.0,0.0307,0.446,0.0,0.0998,0.332,142.881,audio_features,2OXidlnDThZR3zf36k6DVL,spotify:track:2OXidlnDThZR3zf36k6DVL,https://api.spotify.com/v1/tracks/2OXidlnDThZR3zf36k6DVL,https://api.spotify.com/v1/audio-analysis/2OXidlnDThZR3zf36k6DVL,218840.0,4.0
55,Jason Aldean,Dirt Road Anthem,0.68,0.741,2.0,-5.055,1.0,0.0357,0.347,1.87e-06,0.117,0.635,127.024,audio_features,2qYsSHsYkihWx043HVJQRV,spotify:track:2qYsSHsYkihWx043HVJQRV,https://api.spotify.com/v1/tracks/2qYsSHsYkihWx043HVJQRV,https://api.spotify.com/v1/audio-analysis/2qYsSHsYkihWx043HVJQRV,229400.0,4.0
56,Taio Cruz,Dynamite,0.751,0.783,4.0,-3.724,1.0,0.0859,0.00379,0.0,0.036,0.816,119.975,audio_features,2CEgGE6aESpnmtfiZwYlbV,spotify:track:2CEgGE6aESpnmtfiZwYlbV,https://api.spotify.com/v1/tracks/2CEgGE6aESpnmtfiZwYlbV,https://api.spotify.com/v1/audio-analysis/2CEgGE6aESpnmtfiZwYlbV,202613.0,4.0
57,Britney Spears,I Wanna Go,0.696,0.546,5.0,-6.55,1.0,0.0414,0.00379,3.8e-06,0.332,0.787,130.002,audio_features,5cCAZS9VhLGEDV4NCfieeg,spotify:track:5cCAZS9VhLGEDV4NCfieeg,https://api.spotify.com/v1/tracks/5cCAZS9VhLGEDV4NCfieeg,https://api.spotify.com/v1/audio-analysis/5cCAZS9VhLGEDV4NCfieeg,210267.0,4.0
58,Chris Brown,Yeah 3x,0.705,0.882,11.0,-3.201,0.0,0.0445,0.000369,1.16e-06,0.0934,0.7,130.0,audio_features,2QtxlzvSBONjs1bDC34ixs,spotify:track:2QtxlzvSBONjs1bDC34ixs,https://api.spotify.com/v1/tracks/2QtxlzvSBONjs1bDC34ixs,https://api.spotify.com/v1/audio-analysis/2QtxlzvSBONjs1bDC34ixs,241667.0,4.0
59,Carly Rae Jepsen,Call Me Maybe,0.783,0.58,7.0,-6.548,1.0,0.0408,0.0114,2.28e-06,0.108,0.66,120.021,audio_features,3TGRqZ0a2l1LRblBkJoaDx,spotify:track:3TGRqZ0a2l1LRblBkJoaDx,https://api.spotify.com/v1/tracks/3TGRqZ0a2l1LRblBkJoaDx,https://api.spotify.com/v1/audio-analysis/3TGRqZ0a2l1LRblBkJoaDx,193400.0,4.0
60,Ellie Goulding,Lights,0.703,0.731,8.0,-6.283,0.0,0.0311,0.0721,0.00191,0.138,0.719,120.028,audio_features,11ozIUBoXAgRTVWelDn4pL,spotify:track:11ozIUBoXAgRTVWelDn4pL,https://api.spotify.com/v1/tracks/11ozIUBoXAgRTVWelDn4pL,https://api.spotify.com/v1/audio-analysis/11ozIUBoXAgRTVWelDn4pL,244267.0,4.0
61,The Wanted,Glad You Came,0.722,0.851,7.0,-3.873,0.0,0.0639,0.0319,0.0,0.108,0.452,126.885,audio_features,5yDL13y5giogKs2fSNf7sj,spotify:track:5yDL13y5giogKs2fSNf7sj,https://api.spotify.com/v1/tracks/5yDL13y5giogKs2fSNf7sj,https://api.spotify.com/v1/audio-analysis/5yDL13y5giogKs2fSNf7sj,197936.0,4.0
62,Kelly Clarkson,Stronger (What Doesn't Kill You),0.562,0.939,0.0,-4.282,1.0,0.0475,0.046,0.0,0.112,0.684,116.044,audio_features,6D60klaHqbCl9ySc8VcRss,spotify:track:6D60klaHqbCl9ySc8VcRss,https://api.spotify.com/v1/tracks/6D60klaHqbCl9ySc8VcRss,https://api.spotify.com/v1/audio-analysis/6D60klaHqbCl9ySc8VcRss,221947.0,4.0
63,Nicki Minaj,Starships,0.747,0.716,11.0,-2.457,0.0,0.075,0.135,0.0,0.251,0.751,125.008,audio_features,1oHNvJVbFkexQc0BpQp7Y4,spotify:track:1oHNvJVbFkexQc0BpQp7Y4,https://api.spotify.com/v1/tracks/1oHNvJVbFkexQc0BpQp7Y4,https://api.spotify.com/v1/audio-analysis/1oHNvJVbFkexQc0BpQp7Y4,210627.0,4.0
64,One Direction,What Makes You Beautiful,0.726,0.787,4.0,-2.494,1.0,0.0737,0.009,0.0,0.0596,0.888,124.99,audio_features,4cluDES4hQEUhmXj6TXkSo,spotify:track:4cluDES4hQEUhmXj6TXkSo,https://api.spotify.com/v1/tracks/4cluDES4hQEUhmXj6TXkSo,https://api.spotify.com/v1/audio-analysis/4cluDES4hQEUhmXj6TXkSo,199987.0,4.0
65,Adele,Set Fire to the Rain,0.603,0.67,2.0,-3.882,0.0,0.0249,0.00408,1.68e-06,0.112,0.446,107.993,audio_features,73CMRj62VK8nUS4ezD2wvi,spotify:track:73CMRj62VK8nUS4ezD2wvi,https://api.spotify.com/v1/tracks/73CMRj62VK8nUS4ezD2wvi,https://api.spotify.com/v1/audio-analysis/73CMRj62VK8nUS4ezD2wvi,242974.0,4.0
66,LMFAO,Sexy and I Know It,0.707,0.861,7.0,-4.225,1.0,0.316,0.1,0.0,0.191,0.795,130.021,audio_features,0obBFrPYkSoBJbvHfUIhkv,spotify:track:0obBFrPYkSoBJbvHfUIhkv,https://api.spotify.com/v1/tracks/0obBFrPYkSoBJbvHfUIhkv,https://api.spotify.com/v1/audio-analysis/0obBFrPYkSoBJbvHfUIhkv,199480.0,4.0
67,Fun,Some Nights,0.672,0.738,0.0,-7.045,1.0,0.0506,0.0178,6.75e-05,0.0927,0.392,107.938,audio_features,6t6oULCRS6hnI7rm0h5gwl,spotify:track:6t6oULCRS6hnI7rm0h5gwl,https://api.spotify.com/v1/tracks/6t6oULCRS6hnI7rm0h5gwl,https://api.spotify.com/v1/audio-analysis/6t6oULCRS6hnI7rm0h5gwl,277040.0,4.0
68,Katy Perry,Wide Awake,0.514,0.683,5.0,-5.099,1.0,0.0367,0.0749,2.64e-06,0.392,0.575,159.814,audio_features,5JLv62qFIS1DR3zGEcApRt,spotify:track:5JLv62qFIS1DR3zGEcApRt,https://api.spotify.com/v1/tracks/5JLv62qFIS1DR3zGEcApRt,https://api.spotify.com/v1/audio-analysis/5JLv62qFIS1DR3zGEcApRt,220947.0,4.0
69,Flo Rida,Good Feeling,0.706,0.89,1.0,-4.444,0.0,0.0688,0.0588,0.00286,0.306,0.684,128.011,audio_features,2LEF1A8DOZ9wRYikWgVlZ8,spotify:track:2LEF1A8DOZ9wRYikWgVlZ8,https://api.spotify.com/v1/tracks/2LEF1A8DOZ9wRYikWgVlZ8,https://api.spotify.com/v1/audio-analysis/2LEF1A8DOZ9wRYikWgVlZ8,248133.0,4.0
70,Flo Rida,Whistle,0.747,0.937,0.0,-5.746,1.0,0.0453,0.0208,0.0,0.29,0.739,103.976,audio_features,3bC1ahPIYt1btJzSSEyyrF,spotify:track:3bC1ahPIYt1btJzSSEyyrF,https://api.spotify.com/v1/tracks/3bC1ahPIYt1btJzSSEyyrF,https://api.spotify.com/v1/audio-analysis/3bC1ahPIYt1btJzSSEyyrF,224653.0,4.0
71,Maroon 5,One More Night,0.718,0.82,5.0,-3.453,0.0,0.0323,0.0444,0.0,0.0846,0.613,92.998,audio_features,4XNrMwGx1SqP01sqkGTDmo,spotify:track:4XNrMwGx1SqP01sqkGTDmo,https://api.spotify.com/v1/tracks/4XNrMwGx1SqP01sqkGTDmo,https://api.spotify.com/v1/audio-analysis/4XNrMwGx1SqP01sqkGTDmo,219467.0,4.0
72,Train,Drive By,0.765,0.837,1.0,-3.113,0.0,0.032,0.00107,1.06e-05,0.0801,0.721,122.028,audio_features,0KAiuUOrLTIkzkpfpn9jb9,spotify:track:0KAiuUOrLTIkzkpfpn9jb9,https://api.spotify.com/v1/tracks/0KAiuUOrLTIkzkpfpn9jb9,https://api.spotify.com/v1/audio-analysis/0KAiuUOrLTIkzkpfpn9jb9,195973.0,4.0
73,Rihanna,Where Have You Been,0.719,0.847,0.0,-6.34,0.0,0.0916,0.00201,0.0204,0.221,0.444,127.963,audio_features,5WQQIDU3HRaMyPkob8mpFb,spotify:track:5WQQIDU3HRaMyPkob8mpFb,https://api.spotify.com/v1/tracks/5WQQIDU3HRaMyPkob8mpFb,https://api.spotify.com/v1/audio-analysis/5WQQIDU3HRaMyPkob8mpFb,242680.0,4.0
74,Neon Trees,Everybody Talks,0.471,0.924,8.0,-3.906,1.0,0.0586,0.00301,0.0,0.313,0.725,154.961,audio_features,2iUmqdfGZcHIhS3b9E9EWq,spotify:track:2iUmqdfGZcHIhS3b9E9EWq,https://api.spotify.com/v1/tracks/2iUmqdfGZcHIhS3b9E9EWq,https://api.spotify.com/v1/audio-analysis/2iUmqdfGZcHIhS3b9E9EWq,177280.0,4.0
75,Jason Mraz,I Won't Give Up,0.483,0.303,4.0,-10.058,1.0,0.0429,0.694,0.0,0.115,0.139,133.406,audio_features,53QF56cjZA9RTuuMZDrSA6,spotify:track:53QF56cjZA9RTuuMZDrSA6,https://api.spotify.com/v1/tracks/53QF56cjZA9RTuuMZDrSA6,https://api.spotify.com/v1/audio-analysis/53QF56cjZA9RTuuMZDrSA6,240166.0,3.0
76,Bruno Mars,It Will Rain,0.576,0.835,2.0,-6.826,1.0,0.0486,0.337,0.0,0.082,0.476,150.017,audio_features,0RUGuh2uSNFJpGMSsD1F5C,spotify:track:0RUGuh2uSNFJpGMSsD1F5C,https://api.spotify.com/v1/tracks/0RUGuh2uSNFJpGMSsD1F5C,https://api.spotify.com/v1/audio-analysis/0RUGuh2uSNFJpGMSsD1F5C,257720.0,4.0
77,Justin Bieber,Boyfriend,0.717,0.55,10.0,-6.019,0.0,0.0521,0.0358,0.00196,0.126,0.332,96.976,audio_features,3UGIZ8qcrMTwzLbx6Kttqt,spotify:track:3UGIZ8qcrMTwzLbx6Kttqt,https://api.spotify.com/v1/tracks/3UGIZ8qcrMTwzLbx6Kttqt,https://api.spotify.com/v1/audio-analysis/3UGIZ8qcrMTwzLbx6Kttqt,171333.0,4.0
78,Alex Clare,Too Close,0.584,0.712,11.0,-4.311,0.0,0.0395,0.0112,1.05e-06,0.114,0.286,126.043,audio_features,4sK96UnGx3NjBaqvfTG2dm,spotify:track:4sK96UnGx3NjBaqvfTG2dm,https://api.spotify.com/v1/tracks/4sK96UnGx3NjBaqvfTG2dm,https://api.spotify.com/v1/audio-analysis/4sK96UnGx3NjBaqvfTG2dm,256560.0,4.0
79,Katy Perry,Part of Me,0.667,0.922,5.0,-4.645,1.0,0.0353,0.000354,0.0,0.0867,0.761,130.01,audio_features,6yARPLK0PV4heEyh7pVMGz,spotify:track:6yARPLK0PV4heEyh7pVMGz,https://api.spotify.com/v1/tracks/6yARPLK0PV4heEyh7pVMGz,https://api.spotify.com/v1/audio-analysis/6yARPLK0PV4heEyh7pVMGz,216160.0,4.0
80,Snoop Dogg and Wiz Khalifa featuring Bruno Mars,"Young, Wild & Free",0.715,0.655,0.0,-6.425,1.0,0.137,0.0525,0.0,0.115,0.531,95.078,audio_features,5HQVUIKwCEXpe7JIHyY734,spotify:track:5HQVUIKwCEXpe7JIHyY734,https://api.spotify.com/v1/tracks/5HQVUIKwCEXpe7JIHyY734,https://api.spotify.com/v1/audio-analysis/5HQVUIKwCEXpe7JIHyY734,207333.0,4.0
81,Taylor Swift,We Are Never Ever Getting Back Together,0.628,0.676,7.0,-5.911,1.0,0.0916,0.00957,2.65e-05,0.121,0.75,85.984,audio_features,0VwNdo84DaVYLIkbVO86ND,spotify:track:0VwNdo84DaVYLIkbVO86ND,https://api.spotify.com/v1/tracks/0VwNdo84DaVYLIkbVO86ND,https://api.spotify.com/v1/audio-analysis/0VwNdo84DaVYLIkbVO86ND,193147.0,4.0
82,Demi Lovato,Give Your Heart a Break,0.651,0.695,6.0,-3.218,1.0,0.0487,0.23,0.0,0.144,0.569,123.008,audio_features,3sP3c86WFjOzHHnbhhZcLA,spotify:track:3sP3c86WFjOzHHnbhhZcLA,https://api.spotify.com/v1/tracks/3sP3c86WFjOzHHnbhhZcLA,https://api.spotify.com/v1/audio-analysis/3sP3c86WFjOzHHnbhhZcLA,205347.0,4.0
83,Katy Perry,The One That Got Away,0.691,0.795,1.0,-4.021,0.0,0.0355,0.000812,1.02e-06,0.156,0.876,133.971,audio_features,6hkOqJ5mE093AQf2lbZnsG,spotify:track:6hkOqJ5mE093AQf2lbZnsG,https://api.spotify.com/v1/tracks/6hkOqJ5mE093AQf2lbZnsG,https://api.spotify.com/v1/audio-analysis/6hkOqJ5mE093AQf2lbZnsG,227333.0,4.0
84,Calvin Harris,Feel So Close,0.707,0.924,7.0,-2.842,1.0,0.031,0.000972,0.00703,0.204,0.919,127.937,audio_features,1gihuPhrLraKYrJMAEONyc,spotify:track:1gihuPhrLraKYrJMAEONyc,https://api.spotify.com/v1/tracks/1gihuPhrLraKYrJMAEONyc,https://api.spotify.com/v1/audio-analysis/1gihuPhrLraKYrJMAEONyc,206413.0,4.0
85,Adele,Someone like You,0.556,0.319,9.0,-8.251,1.0,0.0281,0.893,0.0,0.0996,0.294,135.187,audio_features,1zwMYTA5nlNjZxYrvBB2pV,spotify:track:1zwMYTA5nlNjZxYrvBB2pV,https://api.spotify.com/v1/tracks/1zwMYTA5nlNjZxYrvBB2pV,https://api.spotify.com/v1/audio-analysis/1zwMYTA5nlNjZxYrvBB2pV,285240.0,4.0
86,Usher,Scream,0.616,0.862,7.0,-5.18,0.0,0.0973,0.00117,0.0,0.179,0.569,127.992,audio_features,12eMQUn2GzfsfsQLH53M19,spotify:track:12eMQUn2GzfsfsQLH53M19,https://api.spotify.com/v1/tracks/12eMQUn2GzfsfsQLH53M19,https://api.spotify.com/v1/audio-analysis/12eMQUn2GzfsfsQLH53M19,234693.0,4.0
87,Tyga,Rack City,0.929,0.339,1.0,-10.881,1.0,0.371,0.0373,1.96e-05,0.187,0.273,98.986,audio_features,0srwKuJPH8yBzzFUJMBQM2,spotify:track:0srwKuJPH8yBzzFUJMBQM2,https://api.spotify.com/v1/tracks/0srwKuJPH8yBzzFUJMBQM2,https://api.spotify.com/v1/audio-analysis/0srwKuJPH8yBzzFUJMBQM2,203200.0,4.0
88,Jessie J,Domino,0.757,0.547,7.0,-4.573,1.0,0.0355,0.0115,0.0,0.0445,0.793,126.977,audio_features,6MAdEUilV2p9RQUqE5bMAK,spotify:track:6MAdEUilV2p9RQUqE5bMAK,https://api.spotify.com/v1/tracks/6MAdEUilV2p9RQUqE5bMAK,https://api.spotify.com/v1/audio-analysis/6MAdEUilV2p9RQUqE5bMAK,231693.0,4.0
89,Psy,Gangnam Style,0.727,0.937,11.0,-2.871,0.0,0.286,0.00417,0.0,0.091,0.749,132.067,audio_features,03UrZgTINDqvnUMbbIMhql,spotify:track:03UrZgTINDqvnUMbbIMhql,https://api.spotify.com/v1/tracks/03UrZgTINDqvnUMbbIMhql,https://api.spotify.com/v1/audio-analysis/03UrZgTINDqvnUMbbIMhql,219493.0,4.0
90,Phillip Phillips,Home,0.606,0.826,0.0,-6.04,1.0,0.0307,0.0256,1.56e-05,0.117,0.322,121.04,audio_features,4rsW3WCZBGwhHfJWuHRwyT,spotify:track:4rsW3WCZBGwhHfJWuHRwyT,https://api.spotify.com/v1/tracks/4rsW3WCZBGwhHfJWuHRwyT,https://api.spotify.com/v1/audio-analysis/4rsW3WCZBGwhHfJWuHRwyT,210173.0,4.0
91,Macklemore & Ryan Lewis featuring Wanz,Thrift Shop,0.781,0.526,6.0,-6.986,0.0,0.293,0.0633,0.0,0.0457,0.665,94.993,audio_features,6CjtS2JZH9RkDz5UVInsa9,spotify:track:6CjtS2JZH9RkDz5UVInsa9,https://api.spotify.com/v1/tracks/6CjtS2JZH9RkDz5UVInsa9,https://api.spotify.com/v1/audio-analysis/6CjtS2JZH9RkDz5UVInsa9,235613.0,4.0
92,Imagine Dragons,Radioactive,0.448,0.784,9.0,-3.686,1.0,0.0627,0.106,0.000108,0.668,0.236,136.245,audio_features,4G8gkOterJn0Ywt6uhqbhp,spotify:track:4G8gkOterJn0Ywt6uhqbhp,https://api.spotify.com/v1/tracks/4G8gkOterJn0Ywt6uhqbhp,https://api.spotify.com/v1/audio-analysis/4G8gkOterJn0Ywt6uhqbhp,186813.0,4.0
93,Baauer,Harlem Shake,0.452,0.794,0.0,-5.151,1.0,0.0483,0.0111,0.00182,0.416,0.282,137.825,audio_features,01XFgRZfZI7oBagNf1Loml,spotify:track:01XFgRZfZI7oBagNf1Loml,https://api.spotify.com/v1/tracks/01XFgRZfZI7oBagNf1Loml,https://api.spotify.com/v1/audio-analysis/01XFgRZfZI7oBagNf1Loml,196664.0,4.0
94,Justin Timberlake,Mirrors,0.574,0.512,5.0,-6.664,0.0,0.0503,0.234,0.0,0.0946,0.512,76.899,audio_features,4rHZZAmHpZrA3iH5zx8frV,spotify:track:4rHZZAmHpZrA3iH5zx8frV,https://api.spotify.com/v1/tracks/4rHZZAmHpZrA3iH5zx8frV,https://api.spotify.com/v1/audio-analysis/4rHZZAmHpZrA3iH5zx8frV,484147.0,4.0
95,Bruno Mars,When I Was Your Man,0.612,0.28,0.0,-8.648,1.0,0.0434,0.932,0.0,0.088,0.387,72.795,audio_features,0nJW01T7XtvILxQgC5J7Wh,spotify:track:0nJW01T7XtvILxQgC5J7Wh,https://api.spotify.com/v1/tracks/0nJW01T7XtvILxQgC5J7Wh,https://api.spotify.com/v1/audio-analysis/0nJW01T7XtvILxQgC5J7Wh,213827.0,4.0
96,Katy Perry,Roar,0.671,0.771,7.0,-4.821,0.0,0.0316,0.00492,7.28e-06,0.354,0.436,90.003,audio_features,27tNWlhdAryQY04Gb2ZhUI,spotify:track:27tNWlhdAryQY04Gb2ZhUI,https://api.spotify.com/v1/tracks/27tNWlhdAryQY04Gb2ZhUI,https://api.spotify.com/v1/audio-analysis/27tNWlhdAryQY04Gb2ZhUI,223546.0,4.0
97,Bruno Mars,Locked Out of Heaven,0.726,0.698,5.0,-4.165,1.0,0.0431,0.049,0.0,0.309,0.867,143.994,audio_features,3w3y8KPTfNeOKPiqUTakBh,spotify:track:3w3y8KPTfNeOKPiqUTakBh,https://api.spotify.com/v1/tracks/3w3y8KPTfNeOKPiqUTakBh,https://api.spotify.com/v1/audio-analysis/3w3y8KPTfNeOKPiqUTakBh,233478.0,4.0
98,The Lumineers,Ho Hey,0.685,0.466,0.0,-9.074,1.0,0.0304,0.794,2.06e-06,0.0915,0.353,79.936,audio_features,0W4Kpfp1w2xkY3PrV714B7,spotify:track:0W4Kpfp1w2xkY3PrV714B7,https://api.spotify.com/v1/tracks/0W4Kpfp1w2xkY3PrV714B7,https://api.spotify.com/v1/audio-analysis/0W4Kpfp1w2xkY3PrV714B7,163133.0,4.0
99,Lorde,Royals,0.674,0.428,7.0,-9.504,1.0,0.122,0.121,0.0,0.132,0.337,84.878,audio_features,2dLLR6qlu5UJ5gk0dKz0h3,spotify:track:2dLLR6qlu5UJ5gk0dKz0h3,https://api.spotify.com/v1/tracks/2dLLR6qlu5UJ5gk0dKz0h3,https://api.spotify.com/v1/audio-analysis/2dLLR6qlu5UJ5gk0dKz0h3,190185.0,4.0
100,Taylor Swift,I Knew You Were Trouble,0.622,0.469,3.0,-6.798,0.0,0.0363,0.00454,2.25e-06,0.0335,0.679,77.019,audio_features,6FB3v4YcR57y4tXFcdxI1E,spotify:track:6FB3v4YcR57y4tXFcdxI1E,https://api.spotify.com/v1/tracks/6FB3v4YcR57y4tXFcdxI1E,https://api.spotify.com/v1/audio-analysis/6FB3v4YcR57y4tXFcdxI1E,219720.0,4.0
101,Miley Cyrus,We Can't Stop,0.613,0.622,1.0,-5.794,0.0,0.0334,0.00882,0.0,0.37,0.484,80.003,audio_features,2y4lAQpi5VTNLu2ldeTdUH,spotify:track:2y4lAQpi5VTNLu2ldeTdUH,https://api.spotify.com/v1/tracks/2y4lAQpi5VTNLu2ldeTdUH,https://api.spotify.com/v1/audio-analysis/2y4lAQpi5VTNLu2ldeTdUH,231240.0,4.0
102,Miley Cyrus,Wrecking Ball,0.53,0.422,5.0,-6.262,1.0,0.0342,0.407,0.0,0.107,0.349,119.964,audio_features,2vwlzO0Qp8kfEtzTsCXfyE,spotify:track:2vwlzO0Qp8kfEtzTsCXfyE,https://api.spotify.com/v1/tracks/2vwlzO0Qp8kfEtzTsCXfyE,https://api.spotify.com/v1/audio-analysis/2vwlzO0Qp8kfEtzTsCXfyE,221360.0,4.0
103,Avicii,Wake Me Up,0.532,0.783,2.0,-5.697,1.0,0.0523,0.0038,0.0012,0.161,0.643,124.08,audio_features,0nrRP2bk19rLc0orkWPQk2,spotify:track:0nrRP2bk19rLc0orkWPQk2,https://api.spotify.com/v1/tracks/0nrRP2bk19rLc0orkWPQk2,https://api.spotify.com/v1/audio-analysis/0nrRP2bk19rLc0orkWPQk2,247427.0,4.0
104,Justin Timberlake featuring Jay-Z,Suit & Tie,0.625,0.319,6.0,-12.119,0.0,0.0805,0.79,0.104,0.0921,0.438,127.799,audio_features,7hlA8gMMz6jSp91Twsnuv3,spotify:track:7hlA8gMMz6jSp91Twsnuv3,https://api.spotify.com/v1/tracks/7hlA8gMMz6jSp91Twsnuv3,https://api.spotify.com/v1/audio-analysis/7hlA8gMMz6jSp91Twsnuv3,236027.0,4.0
105,Anna Kendrick,Cups (Pitch Perfect's When I'm Gone),0.878,0.455,0.0,-8.845,1.0,0.077,0.0462,0.00484,0.0353,0.79,129.953,audio_features,6mH3qVIeOsnQIAho5eWwhH,spotify:track:6mH3qVIeOsnQIAho5eWwhH,https://api.spotify.com/v1/tracks/6mH3qVIeOsnQIAho5eWwhH,https://api.spotify.com/v1/audio-analysis/6mH3qVIeOsnQIAho5eWwhH,128013.0,4.0
106,will.i.am featuring Britney Spears,Scream & Shout,0.772,0.685,5.0,-6.849,1.0,0.0696,0.019,8.96e-05,0.131,0.501,130.033,audio_features,2iJuuzV8P9Yz0VSurttIV5,spotify:track:2iJuuzV8P9Yz0VSurttIV5,https://api.spotify.com/v1/tracks/2iJuuzV8P9Yz0VSurttIV5,https://api.spotify.com/v1/audio-analysis/2iJuuzV8P9Yz0VSurttIV5,283400.0,4.0
107,Awolnation,Sail,0.826,0.436,1.0,-9.583,1.0,0.0558,0.441,0.615,0.0964,0.272,119.051,audio_features,7ueP5u2qkdZbIPN2YA6LR0,spotify:track:7ueP5u2qkdZbIPN2YA6LR0,https://api.spotify.com/v1/tracks/7ueP5u2qkdZbIPN2YA6LR0,https://api.spotify.com/v1/audio-analysis/7ueP5u2qkdZbIPN2YA6LR0,259093.0,4.0
108,Rihanna,Diamonds,0.564,0.71,11.0,-4.92,0.0,0.0461,0.00125,0.0,0.109,0.393,91.972,audio_features,1z9kQ14XBSN0r2v6fx4IdG,spotify:track:1z9kQ14XBSN0r2v6fx4IdG,https://api.spotify.com/v1/tracks/1z9kQ14XBSN0r2v6fx4IdG,https://api.spotify.com/v1/audio-analysis/1z9kQ14XBSN0r2v6fx4IdG,225147.0,4.0
109,Capital Cities,Safe and Sound,0.655,0.819,0.0,-4.852,1.0,0.0316,0.000176,0.00374,0.104,0.766,117.956,audio_features,6Z8R6UsFuGXGtiIxiD8ISb,spotify:track:6Z8R6UsFuGXGtiIxiD8ISb,https://api.spotify.com/v1/tracks/6Z8R6UsFuGXGtiIxiD8ISb,https://api.spotify.com/v1/audio-analysis/6Z8R6UsFuGXGtiIxiD8ISb,192790.0,5.0
110,Bruno Mars,Treasure,0.874,0.692,5.0,-5.28,0.0,0.0431,0.0412,7.24e-05,0.324,0.937,116.017,audio_features,55h7vJchibLdUkxdlX3fK7,spotify:track:55h7vJchibLdUkxdlX3fK7,https://api.spotify.com/v1/tracks/55h7vJchibLdUkxdlX3fK7,https://api.spotify.com/v1/audio-analysis/55h7vJchibLdUkxdlX3fK7,178560.0,4.0
111,Drake,Started from the Bottom,0.793,0.524,8.0,-7.827,1.0,0.156,0.0319,0.0,0.156,0.579,86.325,audio_features,5DI9jxTHrEiFAhStG7VA8E,spotify:track:5DI9jxTHrEiFAhStG7VA8E,https://api.spotify.com/v1/tracks/5DI9jxTHrEiFAhStG7VA8E,https://api.spotify.com/v1/audio-analysis/5DI9jxTHrEiFAhStG7VA8E,174133.0,4.0
112,Selena Gomez,Come & Get It,0.5,0.824,4.0,-5.846,0.0,0.0388,0.00016,0.00161,0.0916,0.539,120.125,audio_features,4P5KoWXOxwuobLmHXLMobV,spotify:track:4P5KoWXOxwuobLmHXLMobV,https://api.spotify.com/v1/tracks/4P5KoWXOxwuobLmHXLMobV,https://api.spotify.com/v1/audio-analysis/4P5KoWXOxwuobLmHXLMobV,218920.0,4.0
113,Maroon 5,Daylight,0.657,0.679,2.0,-5.511,1.0,0.0269,0.00246,0.0,0.211,0.331,120.007,audio_features,6TwfdLbaxTKzQi3AgsZNzx,spotify:track:6TwfdLbaxTKzQi3AgsZNzx,https://api.spotify.com/v1/tracks/6TwfdLbaxTKzQi3AgsZNzx,https://api.spotify.com/v1/audio-analysis/6TwfdLbaxTKzQi3AgsZNzx,225307.0,4.0
114,Lady Gaga,Applause,0.669,0.78,7.0,-4.287,0.0,0.053,0.0265,1.63e-06,0.143,0.738,139.945,audio_features,5ka2ajep9OAvU5Sgduhiex,spotify:track:5ka2ajep9OAvU5Sgduhiex,https://api.spotify.com/v1/tracks/5ka2ajep9OAvU5Sgduhiex,https://api.spotify.com/v1/audio-analysis/5ka2ajep9OAvU5Sgduhiex,212333.0,4.0
115,Maroon 5,One More Night,0.718,0.82,5.0,-3.453,0.0,0.0323,0.0444,0.0,0.0846,0.613,92.998,audio_features,4XNrMwGx1SqP01sqkGTDmo,spotify:track:4XNrMwGx1SqP01sqkGTDmo,https://api.spotify.com/v1/tracks/4XNrMwGx1SqP01sqkGTDmo,https://api.spotify.com/v1/audio-analysis/4XNrMwGx1SqP01sqkGTDmo,219467.0,4.0
116,Fall Out Boy,My Songs Know What You Did in the Dark (Light Em Up),0.558,0.924,9.0,-4.341,0.0,0.064,0.0271,3.32e-06,0.537,0.567,151.99,audio_features,7s0lDK7y3XLmI7tcsRAbW0,spotify:track:7s0lDK7y3XLmI7tcsRAbW0,https://api.spotify.com/v1/tracks/7s0lDK7y3XLmI7tcsRAbW0,https://api.spotify.com/v1/audio-analysis/7s0lDK7y3XLmI7tcsRAbW0,186827.0,4.0
117,Macklemore & Ryan Lewis featuring Mary Lambert,Same Love,0.688,0.473,8.0,-9.059,1.0,0.167,0.716,4.46e-05,0.104,0.299,84.958,audio_features,01uqI4H13Gsd8Lyl1EYd8H,spotify:track:01uqI4H13Gsd8Lyl1EYd8H,https://api.spotify.com/v1/tracks/01uqI4H13Gsd8Lyl1EYd8H,https://api.spotify.com/v1/audio-analysis/01uqI4H13Gsd8Lyl1EYd8H,318525.0,4.0
118,Phillip Phillips,Home,0.606,0.826,0.0,-6.04,1.0,0.0307,0.0256,1.56e-05,0.117,0.322,121.04,audio_features,4rsW3WCZBGwhHfJWuHRwyT,spotify:track:4rsW3WCZBGwhHfJWuHRwyT,https://api.spotify.com/v1/tracks/4rsW3WCZBGwhHfJWuHRwyT,https://api.spotify.com/v1/audio-analysis/4rsW3WCZBGwhHfJWuHRwyT,210173.0,4.0
119,Imagine Dragons,It's Time,0.656,0.884,2.0,-4.748,1.0,0.0372,0.0162,0.0,0.145,0.86,105.009,audio_features,6BtmXhTJMM9sBTHeYYASGz,spotify:track:6BtmXhTJMM9sBTHeYYASGz,https://api.spotify.com/v1/tracks/6BtmXhTJMM9sBTHeYYASGz,https://api.spotify.com/v1/audio-analysis/6BtmXhTJMM9sBTHeYYASGz,237987.0,4.0
120,Demi Lovato,Heart Attack,0.504,0.785,8.0,-4.802,1.0,0.104,0.0738,0.0,0.239,0.502,173.968,audio_features,1V6gIisPpYqgFeWbMLI0bA,spotify:track:1V6gIisPpYqgFeWbMLI0bA,https://api.spotify.com/v1/tracks/1V6gIisPpYqgFeWbMLI0bA,https://api.spotify.com/v1/audio-analysis/1V6gIisPpYqgFeWbMLI0bA,210840.0,4.0
121,Pharrell Williams,Happy,0.647,0.822,5.0,-4.662,0.0,0.183,0.219,0.0,0.0908,0.962,160.019,audio_features,60nZcImufyMA1MKQY3dcCH,spotify:track:60nZcImufyMA1MKQY3dcCH,https://api.spotify.com/v1/tracks/60nZcImufyMA1MKQY3dcCH,https://api.spotify.com/v1/audio-analysis/60nZcImufyMA1MKQY3dcCH,232720.0,4.0
122,John Legend,All of Me,0.422,0.264,8.0,-7.064,1.0,0.0322,0.922,0.0,0.132,0.331,119.93,audio_features,3U4isOIWM3VvDubwSI3y7a,spotify:track:3U4isOIWM3VvDubwSI3y7a,https://api.spotify.com/v1/tracks/3U4isOIWM3VvDubwSI3y7a,https://api.spotify.com/v1/audio-analysis/3U4isOIWM3VvDubwSI3y7a,269560.0,4.0
123,OneRepublic,Counting Stars,0.664,0.705,1.0,-4.972,0.0,0.0382,0.0654,0.0,0.115,0.477,122.017,audio_features,6sy3LkhNFjJWlaeSMNwQ62,spotify:track:6sy3LkhNFjJWlaeSMNwQ62,https://api.spotify.com/v1/tracks/6sy3LkhNFjJWlaeSMNwQ62,https://api.spotify.com/v1/audio-analysis/6sy3LkhNFjJWlaeSMNwQ62,257840.0,4.0
124,Magic!,Rude,0.773,0.758,1.0,-4.993,1.0,0.0381,0.0422,0.0,0.305,0.925,144.033,audio_features,6RtPijgfPKROxEzTHNRiDp,spotify:track:6RtPijgfPKROxEzTHNRiDp,https://api.spotify.com/v1/tracks/6RtPijgfPKROxEzTHNRiDp,https://api.spotify.com/v1/audio-analysis/6RtPijgfPKROxEzTHNRiDp,224840.0,4.0
125,Meghan Trainor,All About That Bass,0.807,0.887,9.0,-3.726,1.0,0.0503,0.0573,2.87e-06,0.124,0.961,134.052,audio_features,5jE48hhRu8E6zBDPRSkEq7,spotify:track:5jE48hhRu8E6zBDPRSkEq7,https://api.spotify.com/v1/tracks/5jE48hhRu8E6zBDPRSkEq7,https://api.spotify.com/v1/audio-analysis/5jE48hhRu8E6zBDPRSkEq7,187920.0,4.0
126,Sam Smith,Stay with Me,0.418,0.42,0.0,-6.444,1.0,0.0414,0.588,6.39e-05,0.11,0.184,84.094,audio_features,5Nm9ERjJZ5oyfXZTECKmRt,spotify:track:5Nm9ERjJZ5oyfXZTECKmRt,https://api.spotify.com/v1/tracks/5Nm9ERjJZ5oyfXZTECKmRt,https://api.spotify.com/v1/audio-analysis/5Nm9ERjJZ5oyfXZTECKmRt,172724.0,4.0
127,Bastille,Pompeii,0.679,0.715,9.0,-6.383,1.0,0.0407,0.0755,0.0,0.271,0.571,127.435,audio_features,3gbBpTdY8lnQwqxNCcf795,spotify:track:3gbBpTdY8lnQwqxNCcf795,https://api.spotify.com/v1/tracks/3gbBpTdY8lnQwqxNCcf795,https://api.spotify.com/v1/audio-analysis/3gbBpTdY8lnQwqxNCcf795,214148.0,4.0
128,Taylor Swift,Shake It Off,0.647,0.785,7.0,-5.414,1.0,0.165,0.0561,0.0,0.148,0.943,160.015,audio_features,5xTtaWoae3wi06K5WfVUUH,spotify:track:5xTtaWoae3wi06K5WfVUUH,https://api.spotify.com/v1/tracks/5xTtaWoae3wi06K5WfVUUH,https://api.spotify.com/v1/audio-analysis/5xTtaWoae3wi06K5WfVUUH,219200.0,4.0
129,Nico & Vinz,Am I Wrong,0.729,0.675,8.0,-6.003,1.0,0.0312,0.175,1.58e-06,0.55,0.779,119.968,audio_features,1fidCEsYlaVE3pHwKCvpFZ,spotify:track:1fidCEsYlaVE3pHwKCvpFZ,https://api.spotify.com/v1/tracks/1fidCEsYlaVE3pHwKCvpFZ,https://api.spotify.com/v1/audio-analysis/1fidCEsYlaVE3pHwKCvpFZ,245867.0,4.0
130,DJ Snake and Lil Jon,Turn Down for What,0.728,0.776,9.0,-4.914,1.0,0.0454,0.00501,0.75,0.0893,0.0375,100.011,audio_features,6OM1Nm9IZMWjJ0ACrBFICu,spotify:track:6OM1Nm9IZMWjJ0ACrBFICu,https://api.spotify.com/v1/tracks/6OM1Nm9IZMWjJ0ACrBFICu,https://api.spotify.com/v1/audio-analysis/6OM1Nm9IZMWjJ0ACrBFICu,214065.0,4.0
131,A Great Big World and Christina Aguilera,Say Something,0.451,0.314,2.0,-6.188,1.0,0.0337,0.887,0.0,0.408,0.151,141.772,audio_features,1aXEPQFdlSW7pG4AUmxnL6,spotify:track:1aXEPQFdlSW7pG4AUmxnL6,https://api.spotify.com/v1/tracks/1aXEPQFdlSW7pG4AUmxnL6,https://api.spotify.com/v1/audio-analysis/1aXEPQFdlSW7pG4AUmxnL6,28160.0,3.0
132,Lorde,Team,0.69,0.578,6.0,-7.436,1.0,0.0929,0.167,0.0,0.305,0.416,99.961,audio_features,3G6hD9B2ZHOsgf4WfNu7X1,spotify:track:3G6hD9B2ZHOsgf4WfNu7X1,https://api.spotify.com/v1/tracks/3G6hD9B2ZHOsgf4WfNu7X1,https://api.spotify.com/v1/audio-analysis/3G6hD9B2ZHOsgf4WfNu7X1,193059.0,4.0
133,Passenger,Let Her Go,0.479,0.545,7.0,-7.346,1.0,0.0688,0.365,0.0,0.0963,0.243,74.897,audio_features,1KxwZYyzWNyZSRyErj2ojT,spotify:track:1KxwZYyzWNyZSRyErj2ojT,https://api.spotify.com/v1/tracks/1KxwZYyzWNyZSRyErj2ojT,https://api.spotify.com/v1/audio-analysis/1KxwZYyzWNyZSRyErj2ojT,252733.0,4.0
134,Lorde,Royals,0.674,0.428,7.0,-9.504,1.0,0.122,0.121,0.0,0.132,0.337,84.878,audio_features,2dLLR6qlu5UJ5gk0dKz0h3,spotify:track:2dLLR6qlu5UJ5gk0dKz0h3,https://api.spotify.com/v1/tracks/2dLLR6qlu5UJ5gk0dKz0h3,https://api.spotify.com/v1/audio-analysis/2dLLR6qlu5UJ5gk0dKz0h3,190185.0,4.0
135,Idina Menzel,Let It Go,0.543,0.485,8.0,-6.85,1.0,0.0305,0.558,0.0,0.12,0.371,136.961,audio_features,0qcr5FMsEO85NAQjrlDRKo,spotify:track:0qcr5FMsEO85NAQjrlDRKo,https://api.spotify.com/v1/tracks/0qcr5FMsEO85NAQjrlDRKo,https://api.spotify.com/v1/audio-analysis/0qcr5FMsEO85NAQjrlDRKo,223840.0,4.0
136,Avicii,Wake Me Up,0.532,0.783,2.0,-5.697,1.0,0.0523,0.0038,0.0012,0.161,0.643,124.08,audio_features,0nrRP2bk19rLc0orkWPQk2,spotify:track:0nrRP2bk19rLc0orkWPQk2,https://api.spotify.com/v1/tracks/0nrRP2bk19rLc0orkWPQk2,https://api.spotify.com/v1/audio-analysis/0nrRP2bk19rLc0orkWPQk2,247427.0,4.0
137,Imagine Dragons,Demons,0.505,0.71,3.0,-3.015,1.0,0.0321,0.19,0.00025,0.329,0.428,89.938,audio_features,3LlAyCYU26dvFZBDUIMb7a,spotify:track:3LlAyCYU26dvFZBDUIMb7a,https://api.spotify.com/v1/tracks/3LlAyCYU26dvFZBDUIMb7a,https://api.spotify.com/v1/audio-analysis/3LlAyCYU26dvFZBDUIMb7a,175200.0,4.0
138,One Direction,Story of My Life,0.6,0.663,3.0,-5.802,1.0,0.0477,0.225,0.0,0.119,0.286,121.07,audio_features,4nVBt6MZDDP6tRVdQTgxJg,spotify:track:4nVBt6MZDDP6tRVdQTgxJg,https://api.spotify.com/v1/tracks/4nVBt6MZDDP6tRVdQTgxJg,https://api.spotify.com/v1/audio-analysis/4nVBt6MZDDP6tRVdQTgxJg,245493.0,4.0
139,Sia,Chandelier,0.399,0.787,1.0,-2.88,1.0,0.0499,0.0197,6.07e-05,0.0685,0.572,117.089,audio_features,2s1sdSqGcKxpPr5lCl7jAV,spotify:track:2s1sdSqGcKxpPr5lCl7jAV,https://api.spotify.com/v1/tracks/2s1sdSqGcKxpPr5lCl7jAV,https://api.spotify.com/v1/audio-analysis/2s1sdSqGcKxpPr5lCl7jAV,216120.0,5.0
140,Maroon 5,Maps,0.742,0.713,1.0,-5.522,0.0,0.0303,0.0205,0.0,0.059,0.879,120.032,audio_features,4gbVRS8gloEluzf0GzDOFc,spotify:track:4gbVRS8gloEluzf0GzDOFc,https://api.spotify.com/v1/tracks/4gbVRS8gloEluzf0GzDOFc,https://api.spotify.com/v1/audio-analysis/4gbVRS8gloEluzf0GzDOFc,189960.0,4.0
141,American Authors,Best Day of My Life,0.673,0.902,2.0,-2.392,1.0,0.0346,0.0591,0.000262,0.0558,0.538,100.012,audio_features,5Hroj5K7vLpIG4FNCRIjbP,spotify:track:5Hroj5K7vLpIG4FNCRIjbP,https://api.spotify.com/v1/tracks/5Hroj5K7vLpIG4FNCRIjbP,https://api.spotify.com/v1/audio-analysis/5Hroj5K7vLpIG4FNCRIjbP,194240.0,4.0
142,Tove Lo,Habits (Stay High),0.729,0.65,5.0,-3.539,1.0,0.0313,0.0702,6.69e-05,0.0829,0.347,110.02,audio_features,14OxJlLdcHNpgsm4DRwDOB,spotify:track:14OxJlLdcHNpgsm4DRwDOB,https://api.spotify.com/v1/tracks/14OxJlLdcHNpgsm4DRwDOB,https://api.spotify.com/v1/audio-analysis/14OxJlLdcHNpgsm4DRwDOB,209160.0,4.0
143,Calvin Harris,Summer,0.596,0.856,4.0,-3.556,0.0,0.0346,0.0211,0.0178,0.141,0.743,127.949,audio_features,6YUTL4dYpB9xZO5qExPf05,spotify:track:6YUTL4dYpB9xZO5qExPf05,https://api.spotify.com/v1/tracks/6YUTL4dYpB9xZO5qExPf05,https://api.spotify.com/v1/audio-analysis/6YUTL4dYpB9xZO5qExPf05,222533.0,4.0
144,Charli XCX,Boom Clap,0.659,0.911,4.0,-2.28,1.0,0.0786,0.154,0.000304,0.191,0.576,91.999,audio_features,0Y1MWB026LYxGvhq4EcMiC,spotify:track:0Y1MWB026LYxGvhq4EcMiC,https://api.spotify.com/v1/tracks/0Y1MWB026LYxGvhq4EcMiC,https://api.spotify.com/v1/audio-analysis/0Y1MWB026LYxGvhq4EcMiC,169866.0,4.0
145,Nicki Minaj,Anaconda,0.963,0.603,2.0,-6.224,1.0,0.18,0.0673,5.93e-06,0.214,0.647,129.99,audio_features,6Qz978PUdHxu4iGQhjLvJH,spotify:track:6Qz978PUdHxu4iGQhjLvJH,https://api.spotify.com/v1/tracks/6Qz978PUdHxu4iGQhjLvJH,https://api.spotify.com/v1/audio-analysis/6Qz978PUdHxu4iGQhjLvJH,260240.0,4.0
146,Ellie Goulding,Burn,0.559,0.777,1.0,-5.031,1.0,0.0432,0.31,0.0,0.105,0.329,87.016,audio_features,0xMd5bcWTbyXS7wPrBtZA6,spotify:track:0xMd5bcWTbyXS7wPrBtZA6,https://api.spotify.com/v1/tracks/0xMd5bcWTbyXS7wPrBtZA6,https://api.spotify.com/v1/audio-analysis/0xMd5bcWTbyXS7wPrBtZA6,231212.0,4.0
147,Miley Cyrus,Wrecking Ball,0.53,0.422,5.0,-6.262,1.0,0.0342,0.407,0.0,0.107,0.349,119.964,audio_features,2vwlzO0Qp8kfEtzTsCXfyE,spotify:track:2vwlzO0Qp8kfEtzTsCXfyE,https://api.spotify.com/v1/tracks/2vwlzO0Qp8kfEtzTsCXfyE,https://api.spotify.com/v1/audio-analysis/2vwlzO0Qp8kfEtzTsCXfyE,221360.0,4.0
148,Justin Timberlake,Not a Bad Thing,0.308,0.563,0.0,-9.169,1.0,0.0719,0.527,4.58e-06,0.134,0.109,85.901,audio_features,3nB82yGjtbQFSU0JLAwLRH,spotify:track:3nB82yGjtbQFSU0JLAwLRH,https://api.spotify.com/v1/tracks/3nB82yGjtbQFSU0JLAwLRH,https://api.spotify.com/v1/audio-analysis/3nB82yGjtbQFSU0JLAwLRH,688453.0,4.0
149,Katy Perry,Roar,0.671,0.771,7.0,-4.821,0.0,0.0316,0.00492,7.28e-06,0.354,0.436,90.003,audio_features,27tNWlhdAryQY04Gb2ZhUI,spotify:track:27tNWlhdAryQY04Gb2ZhUI,https://api.spotify.com/v1/tracks/27tNWlhdAryQY04Gb2ZhUI,https://api.spotify.com/v1/audio-analysis/27tNWlhdAryQY04Gb2ZhUI,223546.0,4.0
150,Aloe Blacc,The Man,0.308,0.769,11.0,-7.256,0.0,0.065,0.0331,0.0,0.214,0.488,81.853,audio_features,2stPxcgjdSImK7Gizl8ZUN,spotify:track:2stPxcgjdSImK7Gizl8ZUN,https://api.spotify.com/v1/tracks/2stPxcgjdSImK7Gizl8ZUN,https://api.spotify.com/v1/audio-analysis/2stPxcgjdSImK7Gizl8ZUN,254880.0,4.0
151,MKTO,Classic,0.72,0.791,1.0,-4.689,1.0,0.124,0.0384,0.0,0.157,0.756,102.071,audio_features,6FE2iI43OZnszFLuLtvvmg,spotify:track:6FE2iI43OZnszFLuLtvvmg,https://api.spotify.com/v1/tracks/6FE2iI43OZnszFLuLtvvmg,https://api.spotify.com/v1/audio-analysis/6FE2iI43OZnszFLuLtvvmg,175427.0,4.0
152,Ed Sheeran,Thinking Out Loud,0.781,0.445,2.0,-6.061,1.0,0.0295,0.474,0.0,0.184,0.591,78.998,audio_features,34gCuhDGsG4bRPIf9bb02f,spotify:track:34gCuhDGsG4bRPIf9bb02f,https://api.spotify.com/v1/tracks/34gCuhDGsG4bRPIf9bb02f,https://api.spotify.com/v1/audio-analysis/34gCuhDGsG4bRPIf9bb02f,281560.0,4.0
153,Fetty Wap,Trap Queen,0.746,0.873,7.0,-3.803,1.0,0.128,0.0244,0.0,0.354,0.817,148.075,audio_features,2d8JP84HNLKhmd6IYOoupQ,spotify:track:2d8JP84HNLKhmd6IYOoupQ,https://api.spotify.com/v1/tracks/2d8JP84HNLKhmd6IYOoupQ,https://api.spotify.com/v1/audio-analysis/2d8JP84HNLKhmd6IYOoupQ,222093.0,4.0
154,Maroon 5,Sugar,0.748,0.788,1.0,-7.055,1.0,0.0334,0.0591,0.0,0.0863,0.884,120.076,audio_features,2iuZJX9X9P0GKaE93xcPjk,spotify:track:2iuZJX9X9P0GKaE93xcPjk,https://api.spotify.com/v1/tracks/2iuZJX9X9P0GKaE93xcPjk,https://api.spotify.com/v1/audio-analysis/2iuZJX9X9P0GKaE93xcPjk,235493.0,4.0
155,Walk the Moon,Shut Up and Dance,0.578,0.866,1.0,-3.804,1.0,0.0619,0.00701,0.0,0.257,0.619,128.038,audio_features,4kbj5MwxO1bq9wjT5g9HaA,spotify:track:4kbj5MwxO1bq9wjT5g9HaA,https://api.spotify.com/v1/tracks/4kbj5MwxO1bq9wjT5g9HaA,https://api.spotify.com/v1/audio-analysis/4kbj5MwxO1bq9wjT5g9HaA,199080.0,4.0
156,Taylor Swift,Blank Space,0.753,0.678,5.0,-5.421,1.0,0.0644,0.085,1.64e-06,0.13,0.583,96.006,audio_features,1p80LdxRV74UKvL8gnD7ky,spotify:track:1p80LdxRV74UKvL8gnD7ky,https://api.spotify.com/v1/tracks/1p80LdxRV74UKvL8gnD7ky,https://api.spotify.com/v1/audio-analysis/1p80LdxRV74UKvL8gnD7ky,231827.0,4.0
157,Silentó,Watch Me,0.821,0.759,8.0,-8.541,1.0,0.121,0.247,0.0,0.321,0.962,140.01,audio_features,5RIVoVdkDLEygELLCniZFr,spotify:track:5RIVoVdkDLEygELLCniZFr,https://api.spotify.com/v1/tracks/5RIVoVdkDLEygELLCniZFr,https://api.spotify.com/v1/audio-analysis/5RIVoVdkDLEygELLCniZFr,185143.0,4.0
158,The Weeknd,Earned It,0.659,0.291,2.0,-8.275,0.0,0.0348,0.405,0.0,0.0771,0.406,119.829,audio_features,4frLb7nWtsz2ymBE6k2GRP,spotify:track:4frLb7nWtsz2ymBE6k2GRP,https://api.spotify.com/v1/tracks/4frLb7nWtsz2ymBE6k2GRP,https://api.spotify.com/v1/audio-analysis/4frLb7nWtsz2ymBE6k2GRP,277680.0,3.0
159,The Weeknd,The Hills,0.585,0.564,0.0,-7.063,0.0,0.0515,0.0671,0.0,0.135,0.137,113.003,audio_features,7fBv7CLKzipRk6EC6TWHOB,spotify:track:7fBv7CLKzipRk6EC6TWHOB,https://api.spotify.com/v1/tracks/7fBv7CLKzipRk6EC6TWHOB,https://api.spotify.com/v1/audio-analysis/7fBv7CLKzipRk6EC6TWHOB,242253.0,4.0
160,OMI,Cheerleader (Felix Jaehn Remix),0.78,0.68,4.0,-6.081,1.0,0.0305,0.141,1.2e-05,0.138,0.594,118.026,audio_features,023OVLNzXhX0j7CxswUt6D,spotify:track:023OVLNzXhX0j7CxswUt6D,https://api.spotify.com/v1/tracks/023OVLNzXhX0j7CxswUt6D,https://api.spotify.com/v1/audio-analysis/023OVLNzXhX0j7CxswUt6D,180560.0,4.0
161,Ellie Goulding,Love Me Like You Do,0.489,0.597,5.0,-6.633,0.0,0.0292,0.27,0.0,0.105,0.324,95.012,audio_features,0Cy7wt6IlRfBPHXXjmZbcP,spotify:track:0Cy7wt6IlRfBPHXXjmZbcP,https://api.spotify.com/v1/tracks/0Cy7wt6IlRfBPHXXjmZbcP,https://api.spotify.com/v1/audio-analysis/0Cy7wt6IlRfBPHXXjmZbcP,253520.0,4.0
162,Hozier,Take Me to Church,0.566,0.664,4.0,-5.303,0.0,0.0464,0.634,0.0,0.116,0.437,128.945,audio_features,1CS7Sd1u5tWkstBhpssyjP,spotify:track:1CS7Sd1u5tWkstBhpssyjP,https://api.spotify.com/v1/tracks/1CS7Sd1u5tWkstBhpssyjP,https://api.spotify.com/v1/audio-analysis/1CS7Sd1u5tWkstBhpssyjP,241693.0,4.0
163,Jason Derulo,Want to Want Me,0.775,0.68,0.0,-5.508,0.0,0.0629,0.00906,0.0,0.109,0.656,114.025,audio_features,7oGZAicScQt96OAW4AruYy,spotify:track:7oGZAicScQt96OAW4AruYy,https://api.spotify.com/v1/tracks/7oGZAicScQt96OAW4AruYy,https://api.spotify.com/v1/audio-analysis/7oGZAicScQt96OAW4AruYy,207719.0,4.0
164,Taylor Swift,Shake It Off,0.647,0.785,7.0,-5.414,1.0,0.165,0.0561,0.0,0.148,0.943,160.015,audio_features,5xTtaWoae3wi06K5WfVUUH,spotify:track:5xTtaWoae3wi06K5WfVUUH,https://api.spotify.com/v1/tracks/5xTtaWoae3wi06K5WfVUUH,https://api.spotify.com/v1/audio-analysis/5xTtaWoae3wi06K5WfVUUH,219200.0,4.0
165,Rachel Platten,Fight Song,0.564,0.714,7.0,-4.987,1.0,0.129,0.0549,0.0,0.155,0.33,175.924,audio_features,37f4ITSlgPX81ad2EvmVQr,spotify:track:37f4ITSlgPX81ad2EvmVQr,https://api.spotify.com/v1/tracks/37f4ITSlgPX81ad2EvmVQr,https://api.spotify.com/v1/audio-analysis/37f4ITSlgPX81ad2EvmVQr,204013.0,4.0
166,Meghan Trainor,Lips Are Movin,0.775,0.825,7.0,-5.402,1.0,0.0464,0.0506,1.03e-06,0.111,0.95,139.091,audio_features,6gj08XDlv9Duc2fPOxUmVD,spotify:track:6gj08XDlv9Duc2fPOxUmVD,https://api.spotify.com/v1/tracks/6gj08XDlv9Duc2fPOxUmVD,https://api.spotify.com/v1/audio-analysis/6gj08XDlv9Duc2fPOxUmVD,182667.0,4.0
167,Andy Grammer,"Honey, I'm Good.",0.752,0.775,9.0,-7.289,1.0,0.0546,0.0324,0.0,0.351,0.595,122.014,audio_features,4MflGTO2ZTcSQ12bWcyRgI,spotify:track:4MflGTO2ZTcSQ12bWcyRgI,https://api.spotify.com/v1/tracks/4MflGTO2ZTcSQ12bWcyRgI,https://api.spotify.com/v1/audio-analysis/4MflGTO2ZTcSQ12bWcyRgI,199263.0,4.0
168,Meghan Trainor,All About That Bass,0.807,0.887,9.0,-3.726,1.0,0.0503,0.0573,2.87e-06,0.124,0.961,134.052,audio_features,5jE48hhRu8E6zBDPRSkEq7,spotify:track:5jE48hhRu8E6zBDPRSkEq7,https://api.spotify.com/v1/tracks/5jE48hhRu8E6zBDPRSkEq7,https://api.spotify.com/v1/audio-analysis/5jE48hhRu8E6zBDPRSkEq7,187920.0,4.0
169,Taylor Swift,Style,0.598,0.786,2.0,-5.572,1.0,0.0383,0.00253,0.0016,0.117,0.456,95.019,audio_features,4lIxdJw6W3Fg4vUIYCB0S5,spotify:track:4lIxdJw6W3Fg4vUIYCB0S5,https://api.spotify.com/v1/tracks/4lIxdJw6W3Fg4vUIYCB0S5,https://api.spotify.com/v1/audio-analysis/4lIxdJw6W3Fg4vUIYCB0S5,231000.0,4.0
170,Drake,Hotline Bling,0.891,0.628,2.0,-7.863,1.0,0.0551,0.00258,0.00019,0.0504,0.552,134.966,audio_features,0wwPcA6wtMf6HUMpIRdeP7,spotify:track:0wwPcA6wtMf6HUMpIRdeP7,https://api.spotify.com/v1/tracks/0wwPcA6wtMf6HUMpIRdeP7,https://api.spotify.com/v1/audio-analysis/0wwPcA6wtMf6HUMpIRdeP7,267067.0,4.0
171,Justin Bieber,What Do You Mean?,0.845,0.567,5.0,-8.118,0.0,0.0956,0.59,0.00142,0.0811,0.793,125.02,audio_features,4B0JvthVoAAuygILe3n4Bs,spotify:track:4B0JvthVoAAuygILe3n4Bs,https://api.spotify.com/v1/tracks/4B0JvthVoAAuygILe3n4Bs,https://api.spotify.com/v1/audio-analysis/4B0JvthVoAAuygILe3n4Bs,205680.0,4.0
172,Ed Sheeran,Photograph,0.614,0.379,4.0,-10.48,1.0,0.0476,0.607,0.000464,0.0986,0.201,107.989,audio_features,1HNkqx9Ahdgi1Ixy2xkKkL,spotify:track:1HNkqx9Ahdgi1Ixy2xkKkL,https://api.spotify.com/v1/tracks/1HNkqx9Ahdgi1Ixy2xkKkL,https://api.spotify.com/v1/audio-analysis/1HNkqx9Ahdgi1Ixy2xkKkL,258987.0,4.0
173,Adele,Hello,0.578,0.43,5.0,-6.134,0.0,0.0305,0.33,0.0,0.0854,0.288,78.991,audio_features,62PaSfnXSMyLshYJrlTuL3,spotify:track:62PaSfnXSMyLshYJrlTuL3,https://api.spotify.com/v1/tracks/62PaSfnXSMyLshYJrlTuL3,https://api.spotify.com/v1/audio-analysis/62PaSfnXSMyLshYJrlTuL3,295502.0,4.0
174,Shawn Mendes,Stitches,0.752,0.754,1.0,-6.684,1.0,0.0615,0.0151,0.0,0.0486,0.755,149.789,audio_features,5jsw9uXEGuKyJzs0boZ1bT,spotify:track:5jsw9uXEGuKyJzs0boZ1bT,https://api.spotify.com/v1/tracks/5jsw9uXEGuKyJzs0boZ1bT,https://api.spotify.com/v1/audio-analysis/5jsw9uXEGuKyJzs0boZ1bT,206880.0,4.0
175,Tove Lo,Talking Body,0.736,0.761,4.0,-5.449,0.0,0.0338,0.0966,0.0,0.0823,0.114,119.999,audio_features,2tpfxAXiI52znho4WE3XFA,spotify:track:2tpfxAXiI52znho4WE3XFA,https://api.spotify.com/v1/tracks/2tpfxAXiI52znho4WE3XFA,https://api.spotify.com/v1/audio-analysis/2tpfxAXiI52znho4WE3XFA,238427.0,4.0
176,Nick Jonas,Jealous,0.7,0.701,11.0,-3.834,0.0,0.161,0.013,0.0,0.461,0.38,93.012,audio_features,2RqtfcLB7iOZj0zYB8Auhu,spotify:track:2RqtfcLB7iOZj0zYB8Auhu,https://api.spotify.com/v1/tracks/2RqtfcLB7iOZj0zYB8Auhu,https://api.spotify.com/v1/audio-analysis/2RqtfcLB7iOZj0zYB8Auhu,223107.0,4.0
177,Fall Out Boy,Centuries,0.393,0.858,4.0,-2.868,0.0,0.0729,0.00359,0.0,0.102,0.56,176.042,audio_features,04aAxqtGp5pv12UXAg4pkq,spotify:track:04aAxqtGp5pv12UXAg4pkq,https://api.spotify.com/v1/tracks/04aAxqtGp5pv12UXAg4pkq,https://api.spotify.com/v1/audio-analysis/04aAxqtGp5pv12UXAg4pkq,228360.0,4.0
178,Sam Hunt,Take Your Time,0.558,0.719,11.0,-5.603,1.0,0.0419,0.101,0.0,0.212,0.483,158.031,audio_features,6DEaND0SHv3sC11xobZLiy,spotify:track:6DEaND0SHv3sC11xobZLiy,https://api.spotify.com/v1/tracks/6DEaND0SHv3sC11xobZLiy,https://api.spotify.com/v1/audio-analysis/6DEaND0SHv3sC11xobZLiy,243707.0,4.0
179,Maroon 5,Animals,0.279,0.742,4.0,-6.46,0.0,0.0898,0.000185,0.0,0.593,0.328,189.868,audio_features,2bL2gyO6kBdLkNSkxXNh6x,spotify:track:2bL2gyO6kBdLkNSkxXNh6x,https://api.spotify.com/v1/tracks/2bL2gyO6kBdLkNSkxXNh6x,https://api.spotify.com/v1/audio-analysis/2bL2gyO6kBdLkNSkxXNh6x,231013.0,4.0
180,Rihanna,Bitch Better Have My Money,0.781,0.728,1.0,-4.981,1.0,0.0621,0.0509,1.94e-06,0.257,0.395,102.99,audio_features,0NTMtAO2BV4tnGvw9EgBVq,spotify:track:0NTMtAO2BV4tnGvw9EgBVq,https://api.spotify.com/v1/tracks/0NTMtAO2BV4tnGvw9EgBVq,https://api.spotify.com/v1/audio-analysis/0NTMtAO2BV4tnGvw9EgBVq,219306.0,4.0
181,Rich Homie Quan,"Flex (Ooh, Ooh, Ooh)",0.726,0.607,2.0,-7.68,1.0,0.0498,0.0389,0.0,0.19,0.891,81.997,audio_features,4T0ScSPdQKmGvruK7pavNP,spotify:track:4T0ScSPdQKmGvruK7pavNP,https://api.spotify.com/v1/tracks/4T0ScSPdQKmGvruK7pavNP,https://api.spotify.com/v1/audio-analysis/4T0ScSPdQKmGvruK7pavNP,176744.0,4.0
182,T-Wayne,Nasty Freestyle,0.779,0.472,11.0,-7.116,1.0,0.218,0.0577,0.0,0.114,0.412,135.051,audio_features,0PT7nlpo11hYYyfnBgtilT,spotify:track:0PT7nlpo11hYYyfnBgtilT,https://api.spotify.com/v1/tracks/0PT7nlpo11hYYyfnBgtilT,https://api.spotify.com/v1/audio-analysis/0PT7nlpo11hYYyfnBgtilT,142212.0,4.0
183,Justin Bieber,Love Yourself,0.609,0.378,4.0,-9.828,1.0,0.438,0.835,0.0,0.28,0.515,100.418,audio_features,50kpGaPAhYJ3sGmk6vplg0,spotify:track:50kpGaPAhYJ3sGmk6vplg0,https://api.spotify.com/v1/tracks/50kpGaPAhYJ3sGmk6vplg0,https://api.spotify.com/v1/audio-analysis/50kpGaPAhYJ3sGmk6vplg0,233720.0,4.0
184,Justin Bieber,Sorry,0.654,0.76,0.0,-3.669,0.0,0.045,0.0797,0.0,0.299,0.41,99.945,audio_features,09CtPGIpYB4BrO8qb1RGsF,spotify:track:09CtPGIpYB4BrO8qb1RGsF,https://api.spotify.com/v1/tracks/09CtPGIpYB4BrO8qb1RGsF,https://api.spotify.com/v1/audio-analysis/09CtPGIpYB4BrO8qb1RGsF,200787.0,4.0
185,Twenty One Pilots,Stressed Out,0.734,0.637,4.0,-5.677,0.0,0.141,0.0462,2.29e-05,0.0602,0.648,169.977,audio_features,3CRDbSIZ4r5MsZ0YwxuEkn,spotify:track:3CRDbSIZ4r5MsZ0YwxuEkn,https://api.spotify.com/v1/tracks/3CRDbSIZ4r5MsZ0YwxuEkn,https://api.spotify.com/v1/audio-analysis/3CRDbSIZ4r5MsZ0YwxuEkn,202333.0,4.0
186,Desiigner,Panda,0.685,0.731,10.0,-5.503,0.0,0.414,0.0292,0.0,0.369,0.266,145.245,audio_features,275a9yzwGB6ncAW4SxY7q3,spotify:track:275a9yzwGB6ncAW4SxY7q3,https://api.spotify.com/v1/tracks/275a9yzwGB6ncAW4SxY7q3,https://api.spotify.com/v1/audio-analysis/275a9yzwGB6ncAW4SxY7q3,247867.0,4.0
187,Adele,Hello,0.578,0.43,5.0,-6.134,0.0,0.0305,0.33,0.0,0.0854,0.288,78.991,audio_features,62PaSfnXSMyLshYJrlTuL3,spotify:track:62PaSfnXSMyLshYJrlTuL3,https://api.spotify.com/v1/tracks/62PaSfnXSMyLshYJrlTuL3,https://api.spotify.com/v1/audio-analysis/62PaSfnXSMyLshYJrlTuL3,295502.0,4.0
188,Lukas Graham,7 Years,0.765,0.473,10.0,-5.829,1.0,0.0514,0.287,0.0,0.391,0.34,119.992,audio_features,5kqIPrATaCc2LqxVWzQGbk,spotify:track:5kqIPrATaCc2LqxVWzQGbk,https://api.spotify.com/v1/tracks/5kqIPrATaCc2LqxVWzQGbk,https://api.spotify.com/v1/audio-analysis/5kqIPrATaCc2LqxVWzQGbk,237300.0,4.0
189,Rihanna,Needed Me,0.671,0.314,5.0,-8.091,0.0,0.244,0.11,0.0,0.0825,0.296,110.898,audio_features,4pAl7FkDMNBsjykPXo91B3,spotify:track:4pAl7FkDMNBsjykPXo91B3,https://api.spotify.com/v1/tracks/4pAl7FkDMNBsjykPXo91B3,https://api.spotify.com/v1/audio-analysis/4pAl7FkDMNBsjykPXo91B3,191600.0,4.0
190,Flo Rida,My House,0.688,0.702,7.0,-4.792,0.0,0.0499,0.0215,0.0,0.128,0.74,94.006,audio_features,6Knv6wdA0luoMUuuoYi2i1,spotify:track:6Knv6wdA0luoMUuuoYi2i1,https://api.spotify.com/v1/tracks/6Knv6wdA0luoMUuuoYi2i1,https://api.spotify.com/v1/audio-analysis/6Knv6wdA0luoMUuuoYi2i1,192191.0,4.0
191,Mike Posner,I Took a Pill in Ibiza,0.664,0.714,7.0,-6.645,0.0,0.111,0.0353,8.42e-06,0.0843,0.71,101.969,audio_features,1MtUq6Wp1eQ8PC6BbPCj8P,spotify:track:1MtUq6Wp1eQ8PC6BbPCj8P,https://api.spotify.com/v1/tracks/1MtUq6Wp1eQ8PC6BbPCj8P,https://api.spotify.com/v1/audio-analysis/1MtUq6Wp1eQ8PC6BbPCj8P,197933.0,4.0
192,DNCE,Cake by the Ocean,0.774,0.753,4.0,-5.446,0.0,0.0517,0.152,0.0,0.0371,0.896,119.002,audio_features,76hfruVvmfQbw0eYn1nmeC,spotify:track:76hfruVvmfQbw0eYn1nmeC,https://api.spotify.com/v1/tracks/76hfruVvmfQbw0eYn1nmeC,https://api.spotify.com/v1/audio-analysis/76hfruVvmfQbw0eYn1nmeC,219147.0,4.0
193,G-Eazy and Bebe Rexha,"Me, Myself & I",0.756,0.674,0.0,-6.518,0.0,0.0959,0.0184,0.0,0.158,0.389,111.995,audio_features,40YcuQysJ0KlGQTeGUosTC,spotify:track:40YcuQysJ0KlGQTeGUosTC,https://api.spotify.com/v1/tracks/40YcuQysJ0KlGQTeGUosTC,https://api.spotify.com/v1/audio-analysis/40YcuQysJ0KlGQTeGUosTC,251467.0,4.0
194,Twenty One Pilots,Ride,0.645,0.713,6.0,-5.355,1.0,0.0393,0.00835,0.0,0.113,0.566,74.989,audio_features,2Z8WuEywRWYTKe1NybPQEW,spotify:track:2Z8WuEywRWYTKe1NybPQEW,https://api.spotify.com/v1/tracks/2Z8WuEywRWYTKe1NybPQEW,https://api.spotify.com/v1/audio-analysis/2Z8WuEywRWYTKe1NybPQEW,214507.0,4.0
195,Twenty One Pilots,Heathens,0.732,0.396,4.0,-9.348,0.0,0.0286,0.0841,3.58e-05,0.105,0.548,90.024,audio_features,6i0V12jOa3mr6uu4WYhUBr,spotify:track:6i0V12jOa3mr6uu4WYhUBr,https://api.spotify.com/v1/tracks/6i0V12jOa3mr6uu4WYhUBr,https://api.spotify.com/v1/audio-analysis/6i0V12jOa3mr6uu4WYhUBr,195920.0,4.0
196,Zayn,Pillowtalk,0.584,0.7,11.0,-4.275,1.0,0.0456,0.117,0.0,0.0939,0.438,124.944,audio_features,0PDUDa38GO8lMxLCRc4lL1,spotify:track:0PDUDa38GO8lMxLCRc4lL1,https://api.spotify.com/v1/tracks/0PDUDa38GO8lMxLCRc4lL1,https://api.spotify.com/v1/audio-analysis/0PDUDa38GO8lMxLCRc4lL1,202747.0,4.0
197,Shawn Mendes,Stitches,0.752,0.754,1.0,-6.684,1.0,0.0615,0.0151,0.0,0.0486,0.755,149.789,audio_features,5jsw9uXEGuKyJzs0boZ1bT,spotify:track:5jsw9uXEGuKyJzs0boZ1bT,https://api.spotify.com/v1/tracks/5jsw9uXEGuKyJzs0boZ1bT,https://api.spotify.com/v1/audio-analysis/5jsw9uXEGuKyJzs0boZ1bT,206880.0,4.0
198,Drake,Hotline Bling,0.891,0.628,2.0,-7.863,1.0,0.0551,0.00258,0.00019,0.0504,0.552,134.966,audio_features,0wwPcA6wtMf6HUMpIRdeP7,spotify:track:0wwPcA6wtMf6HUMpIRdeP7,https://api.spotify.com/v1/tracks/0wwPcA6wtMf6HUMpIRdeP7,https://api.spotify.com/v1/audio-analysis/0wwPcA6wtMf6HUMpIRdeP7,267067.0,4.0
199,Adele,Send My Love (To Your New Lover),0.688,0.533,6.0,-8.363,0.0,0.0865,0.0355,3.48e-06,0.172,0.567,164.069,audio_features,0t7fVeEJxO2Xi4H2K5Svc9,spotify:track:0t7fVeEJxO2Xi4H2K5Svc9,https://api.spotify.com/v1/tracks/0t7fVeEJxO2Xi4H2K5Svc9,https://api.spotify.com/v1/audio-analysis/0t7fVeEJxO2Xi4H2K5Svc9,223079.0,4.0
200,Shawn Mendes,Treat You Better,0.444,0.819,10.0,-4.078,0.0,0.341,0.106,0.0,0.107,0.747,82.695,audio_features,3QGsuHI8jO1Rx4JWLUh9jd,spotify:track:3QGsuHI8jO1Rx4JWLUh9jd,https://api.spotify.com/v1/tracks/3QGsuHI8jO1Rx4JWLUh9jd,https://api.spotify.com/v1/audio-analysis/3QGsuHI8jO1Rx4JWLUh9jd,187973.0,4.0
201,Justin Bieber,What Do You Mean?,0.845,0.567,5.0,-8.118,0.0,0.0956,0.59,0.00142,0.0811,0.793,125.02,audio_features,4B0JvthVoAAuygILe3n4Bs,spotify:track:4B0JvthVoAAuygILe3n4Bs,https://api.spotify.com/v1/tracks/4B0JvthVoAAuygILe3n4Bs,https://api.spotify.com/v1/audio-analysis/4B0JvthVoAAuygILe3n4Bs,205680.0,4.0
202,The Weeknd,The Hills,0.585,0.564,0.0,-7.063,0.0,0.0515,0.0671,0.0,0.135,0.137,113.003,audio_features,7fBv7CLKzipRk6EC6TWHOB,spotify:track:7fBv7CLKzipRk6EC6TWHOB,https://api.spotify.com/v1/tracks/7fBv7CLKzipRk6EC6TWHOB,https://api.spotify.com/v1/audio-analysis/7fBv7CLKzipRk6EC6TWHOB,242253.0,4.0
203,P!nk,Just Like Fire,0.632,0.702,7.0,-5.92,1.0,0.148,0.0114,0.0,0.108,0.523,162.958,audio_features,7K5dzhGda2vRTaAWYI3hrb,spotify:track:7K5dzhGda2vRTaAWYI3hrb,https://api.spotify.com/v1/tracks/7K5dzhGda2vRTaAWYI3hrb,https://api.spotify.com/v1/audio-analysis/7K5dzhGda2vRTaAWYI3hrb,215414.0,4.0
204,Ariana Grande,Dangerous Woman,0.664,0.602,4.0,-5.369,0.0,0.0412,0.0529,0.0,0.356,0.289,134.049,audio_features,6RUhbFEhrvGISaQ8u2j2JN,spotify:track:6RUhbFEhrvGISaQ8u2j2JN,https://api.spotify.com/v1/tracks/6RUhbFEhrvGISaQ8u2j2JN,https://api.spotify.com/v1/audio-analysis/6RUhbFEhrvGISaQ8u2j2JN,235947.0,3.0
205,Alessia Cara,Here,0.376,0.821,0.0,-3.974,1.0,0.104,0.0785,0.0,0.0823,0.331,120.462,audio_features,5zUQZjVB6bfewBXWqsP9PY,spotify:track:5zUQZjVB6bfewBXWqsP9PY,https://api.spotify.com/v1/tracks/5zUQZjVB6bfewBXWqsP9PY,https://api.spotify.com/v1/audio-analysis/5zUQZjVB6bfewBXWqsP9PY,199453.0,4.0
206,Selena Gomez,Same Old Love,0.672,0.593,11.0,-4.01,0.0,0.0304,0.0223,0.0,0.214,0.438,98.02,audio_features,1BZG99C7Co1r6QUC3zaS59,spotify:track:1BZG99C7Co1r6QUC3zaS59,https://api.spotify.com/v1/tracks/1BZG99C7Co1r6QUC3zaS59,https://api.spotify.com/v1/audio-analysis/1BZG99C7Co1r6QUC3zaS59,229080.0,4.0
207,Drake,Controlla,0.59,0.468,10.0,-11.083,0.0,0.185,0.0789,0.0,0.101,0.349,92.287,audio_features,3O8NlPh2LByMU9lSRSHedm,spotify:track:3O8NlPh2LByMU9lSRSHedm,https://api.spotify.com/v1/tracks/3O8NlPh2LByMU9lSRSHedm,https://api.spotify.com/v1/audio-analysis/3O8NlPh2LByMU9lSRSHedm,245227.0,4.0
208,Charlie Puth,One Call Away,0.667,0.613,1.0,-5.353,1.0,0.0344,0.403,0.0,0.115,0.47,91.024,audio_features,7soJgKhQTO8hLP2JPRkL5O,spotify:track:7soJgKhQTO8hLP2JPRkL5O,https://api.spotify.com/v1/tracks/7soJgKhQTO8hLP2JPRkL5O,https://api.spotify.com/v1/audio-analysis/7soJgKhQTO8hLP2JPRkL5O,194453.0,4.0
209,James Bay,Let It Go,0.546,0.311,1.0,-10.396,1.0,0.0288,0.818,1.65e-05,0.107,0.246,147.464,audio_features,13HVjjWUZFaWilh2QUJKsP,spotify:track:13HVjjWUZFaWilh2QUJKsP,https://api.spotify.com/v1/tracks/13HVjjWUZFaWilh2QUJKsP,https://api.spotify.com/v1/audio-analysis/13HVjjWUZFaWilh2QUJKsP,260533.0,4.0
210,Meghan Trainor,No,0.557,0.803,1.0,-3.599,0.0,0.213,0.0124,1.61e-06,0.737,0.657,92.134,audio_features,0l0CvurVUrr2w3Jj1hOVFc,spotify:track:0l0CvurVUrr2w3Jj1hOVFc,https://api.spotify.com/v1/tracks/0l0CvurVUrr2w3Jj1hOVFc,https://api.spotify.com/v1/audio-analysis/0l0CvurVUrr2w3Jj1hOVFc,213507.0,4.0
211,Florida Georgia Line,H.O.L.Y.,0.523,0.666,7.0,-4.081,0.0,0.0327,0.401,0.0,0.0728,0.564,78.077,audio_features,0BCy325UZyR9z0t0uxwn2N,spotify:track:0BCy325UZyR9z0t0uxwn2N,https://api.spotify.com/v1/tracks/0BCy325UZyR9z0t0uxwn2N,https://api.spotify.com/v1/audio-analysis/0BCy325UZyR9z0t0uxwn2N,194187.0,4.0
212,Ed Sheeran,Shape of You,0.825,0.652,1.0,-3.183,0.0,0.0802,0.581,0.0,0.0931,0.931,95.977,audio_features,7qiZfU4dY1lWllzX7mPBI3,spotify:track:7qiZfU4dY1lWllzX7mPBI3,https://api.spotify.com/v1/tracks/7qiZfU4dY1lWllzX7mPBI3,https://api.spotify.com/v1/audio-analysis/7qiZfU4dY1lWllzX7mPBI3,233713.0,4.0
213,Bruno Mars,That's What I Like,0.853,0.56,1.0,-4.961,1.0,0.0406,0.013,0.0,0.0944,0.86,134.066,audio_features,0KKkJNfGyhkQ5aFogxQAPU,spotify:track:0KKkJNfGyhkQ5aFogxQAPU,https://api.spotify.com/v1/tracks/0KKkJNfGyhkQ5aFogxQAPU,https://api.spotify.com/v1/audio-analysis/0KKkJNfGyhkQ5aFogxQAPU,206693.0,4.0
214,Kendrick Lamar,Humble,0.908,0.621,1.0,-6.638,0.0,0.102,0.000282,5.39e-05,0.0958,0.421,150.011,audio_features,7KXjTSCq5nL1LoYtL7XAwS,spotify:track:7KXjTSCq5nL1LoYtL7XAwS,https://api.spotify.com/v1/tracks/7KXjTSCq5nL1LoYtL7XAwS,https://api.spotify.com/v1/audio-analysis/7KXjTSCq5nL1LoYtL7XAwS,177000.0,4.0
215,The Chainsmokers and Coldplay,Something Just Like This,0.455,0.786,11.0,-5.544,0.0,0.0667,0.142,0.000603,0.336,0.446,108.754,audio_features,3LewMbGqmR4IYtifSNxbGz,spotify:track:3LewMbGqmR4IYtifSNxbGz,https://api.spotify.com/v1/tracks/3LewMbGqmR4IYtifSNxbGz,https://api.spotify.com/v1/audio-analysis/3LewMbGqmR4IYtifSNxbGz,230573.0,1.0
216,Sam Hunt,Body Like a Back Road,0.732,0.458,5.0,-7.225,1.0,0.0311,0.447,0.0,0.136,0.661,98.938,audio_features,7mldq42yDuxiUNn08nvzHO,spotify:track:7mldq42yDuxiUNn08nvzHO,https://api.spotify.com/v1/tracks/7mldq42yDuxiUNn08nvzHO,https://api.spotify.com/v1/audio-analysis/7mldq42yDuxiUNn08nvzHO,165387.0,4.0
217,Imagine Dragons,Believer,0.776,0.78,10.0,-4.374,0.0,0.128,0.0622,0.0,0.081,0.666,124.949,audio_features,0pqnGHJpmpxLKifKRmU6WP,spotify:track:0pqnGHJpmpxLKifKRmU6WP,https://api.spotify.com/v1/tracks/0pqnGHJpmpxLKifKRmU6WP,https://api.spotify.com/v1/audio-analysis/0pqnGHJpmpxLKifKRmU6WP,204347.0,4.0
218,James Arthur,Say You Won't Let Go,0.358,0.557,10.0,-7.398,1.0,0.059,0.695,0.0,0.0902,0.494,85.043,audio_features,5uCax9HTNlzGybIStD3vDh,spotify:track:5uCax9HTNlzGybIStD3vDh,https://api.spotify.com/v1/tracks/5uCax9HTNlzGybIStD3vDh,https://api.spotify.com/v1/audio-analysis/5uCax9HTNlzGybIStD3vDh,211467.0,4.0
219,Lil Uzi Vert,XO Tour Llif3,0.732,0.75,11.0,-6.366,0.0,0.231,0.00264,0.0,0.109,0.401,155.096,audio_features,7GX5flRQZVHRAGd6B4TmDO,spotify:track:7GX5flRQZVHRAGd6B4TmDO,https://api.spotify.com/v1/tracks/7GX5flRQZVHRAGd6B4TmDO,https://api.spotify.com/v1/audio-analysis/7GX5flRQZVHRAGd6B4TmDO,182707.0,4.0
220,Future,Mask Off,0.833,0.434,2.0,-8.795,1.0,0.431,0.0102,0.0219,0.165,0.281,150.062,audio_features,0VgkVdmE4gld66l8iyGjgx,spotify:track:0VgkVdmE4gld66l8iyGjgx,https://api.spotify.com/v1/tracks/0VgkVdmE4gld66l8iyGjgx,https://api.spotify.com/v1/audio-analysis/0VgkVdmE4gld66l8iyGjgx,204600.0,4.0
221,Bruno Mars,24K Magic,0.818,0.803,1.0,-4.282,1.0,0.0797,0.034,0.0,0.153,0.632,106.97,audio_features,6b8Be6ljOzmkOmFslEb23P,spotify:track:6b8Be6ljOzmkOmFslEb23P,https://api.spotify.com/v1/tracks/6b8Be6ljOzmkOmFslEb23P,https://api.spotify.com/v1/audio-analysis/6b8Be6ljOzmkOmFslEb23P,225983.0,4.0
222,Khalid,Location,0.736,0.449,1.0,-11.462,0.0,0.425,0.33,0.000162,0.0898,0.326,80.126,audio_features,152lZdxL1OR0ZMW6KquMif,spotify:track:152lZdxL1OR0ZMW6KquMif,https://api.spotify.com/v1/tracks/152lZdxL1OR0ZMW6KquMif,https://api.spotify.com/v1/audio-analysis/152lZdxL1OR0ZMW6KquMif,219080.0,4.0
223,Charlie Puth,Attention,0.775,0.613,3.0,-4.586,0.0,0.0542,0.109,2.33e-05,0.134,0.797,100.066,audio_features,5cF0dROlMOK5uNZtivgu50,spotify:track:5cF0dROlMOK5uNZtivgu50,https://api.spotify.com/v1/tracks/5cF0dROlMOK5uNZtivgu50,https://api.spotify.com/v1/audio-analysis/5cF0dROlMOK5uNZtivgu50,208787.0,4.0
224,Shawn Mendes,There's Nothing Holdin' Me Back,0.866,0.813,11.0,-4.063,0.0,0.0554,0.38,0.0,0.0779,0.969,121.998,audio_features,7JJmb5XwzOO8jgpou264Ml,spotify:track:7JJmb5XwzOO8jgpou264Ml,https://api.spotify.com/v1/tracks/7JJmb5XwzOO8jgpou264Ml,https://api.spotify.com/v1/audio-analysis/7JJmb5XwzOO8jgpou264Ml,199440.0,4.0
225,Cardi B,Bodak Yellow,0.926,0.703,11.0,-6.337,0.0,0.103,0.0659,0.0,0.231,0.485,125.022,audio_features,6KBYefIoo7KydImq1uUQlL,spotify:track:6KBYefIoo7KydImq1uUQlL,https://api.spotify.com/v1/tracks/6KBYefIoo7KydImq1uUQlL,https://api.spotify.com/v1/audio-analysis/6KBYefIoo7KydImq1uUQlL,223713.0,4.0
226,Childish Gambino,Redbone,0.743,0.344,1.0,-11.174,1.0,0.118,0.169,0.00879,0.103,0.577,160.15,audio_features,0wXuerDYiBnERgIpbb3JBR,spotify:track:0wXuerDYiBnERgIpbb3JBR,https://api.spotify.com/v1/tracks/0wXuerDYiBnERgIpbb3JBR,https://api.spotify.com/v1/audio-analysis/0wXuerDYiBnERgIpbb3JBR,326933.0,4.0
227,Julia Michaels,Issues,0.728,0.415,8.0,-6.852,1.0,0.0639,0.401,0.0,0.0616,0.455,114.145,audio_features,7vu0JkJh0ldukEYbTVcqd0,spotify:track:7vu0JkJh0ldukEYbTVcqd0,https://api.spotify.com/v1/tracks/7vu0JkJh0ldukEYbTVcqd0,https://api.spotify.com/v1/audio-analysis/7vu0JkJh0ldukEYbTVcqd0,176320.0,4.0
228,Alessia Cara,Scars to Your Beautiful,0.573,0.739,0.0,-5.74,1.0,0.129,0.0285,0.0,0.111,0.451,97.085,audio_features,0wI7QkCcs8FUQE1OkXUIqd,spotify:track:0wI7QkCcs8FUQE1OkXUIqd,https://api.spotify.com/v1/tracks/0wI7QkCcs8FUQE1OkXUIqd,https://api.spotify.com/v1/audio-analysis/0wI7QkCcs8FUQE1OkXUIqd,230240.0,4.0
229,Niall Horan,Slow Hands,0.735,0.425,0.0,-6.648,1.0,0.0464,0.011,0.0,0.055,0.848,85.896,audio_features,2cOUlop2ZakjOKe4WinesN,spotify:track:2cOUlop2ZakjOKe4WinesN,https://api.spotify.com/v1/tracks/2cOUlop2ZakjOKe4WinesN,https://api.spotify.com/v1/audio-analysis/2cOUlop2ZakjOKe4WinesN,188174.0,4.0
230,Rihanna,Love on the Brain,0.509,0.637,4.0,-4.83,0.0,0.0471,0.0717,1.08e-05,0.0789,0.378,172.006,audio_features,5oO3drDxtziYU2H1X23ZIp,spotify:track:5oO3drDxtziYU2H1X23ZIp,https://api.spotify.com/v1/tracks/5oO3drDxtziYU2H1X23ZIp,https://api.spotify.com/v1/audio-analysis/5oO3drDxtziYU2H1X23ZIp,224000.0,3.0
231,Big Sean,Bounce Back,0.78,0.575,1.0,-5.628,0.0,0.139,0.106,0.0,0.129,0.273,81.502,audio_features,0SGkqnVQo9KPytSri1H6cF,spotify:track:0SGkqnVQo9KPytSri1H6cF,https://api.spotify.com/v1/tracks/0SGkqnVQo9KPytSri1H6cF,https://api.spotify.com/v1/audio-analysis/0SGkqnVQo9KPytSri1H6cF,222360.0,4.0
232,Drake,Fake Love,0.928,0.481,9.0,-9.35,0.0,0.287,0.105,0.0,0.176,0.613,134.007,audio_features,343YBumqHu19cGoGARUTsd,spotify:track:343YBumqHu19cGoGARUTsd,https://api.spotify.com/v1/tracks/343YBumqHu19cGoGARUTsd,https://api.spotify.com/v1/audio-analysis/343YBumqHu19cGoGARUTsd,210937.0,4.0
233,Taylor Swift,Look What You Made Me Do,0.766,0.709,9.0,-6.471,0.0,0.123,0.204,1.41e-05,0.126,0.506,128.07,audio_features,1P17dC1amhFzptugyAO7Il,spotify:track:1P17dC1amhFzptugyAO7Il,https://api.spotify.com/v1/tracks/1P17dC1amhFzptugyAO7Il,https://api.spotify.com/v1/audio-analysis/1P17dC1amhFzptugyAO7Il,211853.0,4.0
234,Ed Sheeran,Castle on the Hill,0.461,0.834,2.0,-4.868,1.0,0.0991,0.0231,1.16e-05,0.14,0.469,135.007,audio_features,5DfXwtEEBQCL9Np7SKratD,spotify:track:5DfXwtEEBQCL9Np7SKratD,https://api.spotify.com/v1/tracks/5DfXwtEEBQCL9Np7SKratD,https://api.spotify.com/v1/audio-analysis/5DfXwtEEBQCL9Np7SKratD,261154.0,4.0
235,The Chainsmokers,Paris,0.653,0.658,2.0,-6.428,1.0,0.0304,0.0215,1.66e-06,0.0939,0.219,99.99,audio_features,72jbDTw1piOOj770jWNeaG,spotify:track:72jbDTw1piOOj770jWNeaG,https://api.spotify.com/v1/tracks/72jbDTw1piOOj770jWNeaG,https://api.spotify.com/v1/audio-analysis/72jbDTw1piOOj770jWNeaG,221507.0,4.0
236,Portugal. The Man,Feel It Still,0.801,0.795,1.0,-5.115,0.0,0.0504,0.0417,0.000113,0.0717,0.754,79.028,audio_features,6QgjcU0zLnzq5OrUoSZ3OK,spotify:track:6QgjcU0zLnzq5OrUoSZ3OK,https://api.spotify.com/v1/tracks/6QgjcU0zLnzq5OrUoSZ3OK,https://api.spotify.com/v1/audio-analysis/6QgjcU0zLnzq5OrUoSZ3OK,163253.0,4.0
237,Demi Lovato,Sorry Not Sorry,0.706,0.643,11.0,-6.929,0.0,0.234,0.0242,0.0,0.262,0.885,143.931,audio_features,0yvPEnB032fojLfVluFjUv,spotify:track:0yvPEnB032fojLfVluFjUv,https://api.spotify.com/v1/tracks/0yvPEnB032fojLfVluFjUv,https://api.spotify.com/v1/audio-analysis/0yvPEnB032fojLfVluFjUv,203760.0,4.0
238,21 Savage,Bank Account,0.884,0.347,8.0,-8.227,0.0,0.35,0.015,7e-06,0.0871,0.376,75.016,audio_features,5eqK0tbzUPo2SoeZsov04s,spotify:track:5eqK0tbzUPo2SoeZsov04s,https://api.spotify.com/v1/tracks/5eqK0tbzUPo2SoeZsov04s,https://api.spotify.com/v1/audio-analysis/5eqK0tbzUPo2SoeZsov04s,220307.0,4.0
239,Drake,God's Plan,0.754,0.449,7.0,-9.211,1.0,0.109,0.0332,8.29e-05,0.552,0.357,77.169,audio_features,6DCZcSspjsKoFjzjrWoCdn,spotify:track:6DCZcSspjsKoFjzjrWoCdn,https://api.spotify.com/v1/tracks/6DCZcSspjsKoFjzjrWoCdn,https://api.spotify.com/v1/audio-analysis/6DCZcSspjsKoFjzjrWoCdn,198973.0,4.0
240,Ed Sheeran,Perfect,0.599,0.448,8.0,-6.312,1.0,0.0232,0.163,0.0,0.106,0.168,95.05,audio_features,0tgVpDi06FyKpA1z0VMD4v,spotify:track:0tgVpDi06FyKpA1z0VMD4v,https://api.spotify.com/v1/tracks/0tgVpDi06FyKpA1z0VMD4v,https://api.spotify.com/v1/audio-analysis/0tgVpDi06FyKpA1z0VMD4v,263400.0,3.0
241,Drake,In My Feelings,0.835,0.626,1.0,-5.833,1.0,0.125,0.0589,6e-05,0.396,0.35,91.03,audio_features,2G7V7zsVDxg1yRsu7Ew9RJ,spotify:track:2G7V7zsVDxg1yRsu7Ew9RJ,https://api.spotify.com/v1/tracks/2G7V7zsVDxg1yRsu7Ew9RJ,https://api.spotify.com/v1/audio-analysis/2G7V7zsVDxg1yRsu7Ew9RJ,217925.0,4.0
242,Drake,Nice for What,0.585,0.909,8.0,-6.474,1.0,0.0707,0.0891,9.7e-05,0.119,0.758,93.372,audio_features,3CA9pLiwRIGtUBiMjbZmRw,spotify:track:3CA9pLiwRIGtUBiMjbZmRw,https://api.spotify.com/v1/tracks/3CA9pLiwRIGtUBiMjbZmRw,https://api.spotify.com/v1/audio-analysis/3CA9pLiwRIGtUBiMjbZmRw,210747.0,4.0
243,Juice Wrld,Lucid Dreams,0.511,0.566,6.0,-7.23,0.0,0.2,0.349,0.0,0.34,0.218,83.903,audio_features,285pBltuF7vW8TeWk8hdRR,spotify:track:285pBltuF7vW8TeWk8hdRR,https://api.spotify.com/v1/tracks/285pBltuF7vW8TeWk8hdRR,https://api.spotify.com/v1/audio-analysis/285pBltuF7vW8TeWk8hdRR,239836.0,4.0
244,Post Malone,Better Now,0.68,0.578,10.0,-5.804,1.0,0.04,0.331,0.0,0.135,0.341,145.038,audio_features,7dt6x5M1jzdTEt8oCbisTK,spotify:track:7dt6x5M1jzdTEt8oCbisTK,https://api.spotify.com/v1/tracks/7dt6x5M1jzdTEt8oCbisTK,https://api.spotify.com/v1/audio-analysis/7dt6x5M1jzdTEt8oCbisTK,231267.0,4.0
245,Dua Lipa,New Rules,0.762,0.7,9.0,-6.021,0.0,0.0694,0.00261,1.56e-05,0.153,0.608,116.073,audio_features,2ekn2ttSfGqwhhate0LSR0,spotify:track:2ekn2ttSfGqwhhate0LSR0,https://api.spotify.com/v1/tracks/2ekn2ttSfGqwhhate0LSR0,https://api.spotify.com/v1/audio-analysis/2ekn2ttSfGqwhhate0LSR0,209320.0,4.0
246,XXXTentacion,Sad!,0.74,0.613,8.0,-4.88,1.0,0.145,0.258,0.00372,0.123,0.473,75.023,audio_features,3ee8Jmje8o58CHK66QrVC2,spotify:track:3ee8Jmje8o58CHK66QrVC2,https://api.spotify.com/v1/tracks/3ee8Jmje8o58CHK66QrVC2,https://api.spotify.com/v1/audio-analysis/3ee8Jmje8o58CHK66QrVC2,166606.0,4.0
247,Camila Cabello,Never Be the Same,0.637,0.713,0.0,-4.333,1.0,0.0747,0.181,0.000637,0.137,0.243,129.923,audio_features,4eWQlBRaTjPPUlzacqEeoQ,spotify:track:4eWQlBRaTjPPUlzacqEeoQ,https://api.spotify.com/v1/tracks/4eWQlBRaTjPPUlzacqEeoQ,https://api.spotify.com/v1/audio-analysis/4eWQlBRaTjPPUlzacqEeoQ,226973.0,4.0
248,Ariana Grande,No Tears Left to Cry,0.699,0.713,9.0,-5.507,0.0,0.0594,0.04,3.11e-06,0.294,0.354,121.993,audio_features,2qT1uLXPVPzGgFOx4jtEuo,spotify:track:2qT1uLXPVPzGgFOx4jtEuo,https://api.spotify.com/v1/tracks/2qT1uLXPVPzGgFOx4jtEuo,https://api.spotify.com/v1/audio-analysis/2qT1uLXPVPzGgFOx4jtEuo,205920.0,4.0
249,Bazzi,Mine,0.71,0.789,4.0,-3.874,1.0,0.0722,0.0161,2.77e-06,0.451,0.717,142.929,audio_features,7uzmGiiJyRfuViKKK3lVmR,spotify:track:7uzmGiiJyRfuViKKK3lVmR,https://api.spotify.com/v1/tracks/7uzmGiiJyRfuViKKK3lVmR,https://api.spotify.com/v1/audio-analysis/7uzmGiiJyRfuViKKK3lVmR,131064.0,4.0
250,Imagine Dragons,Thunder,0.605,0.822,0.0,-4.833,1.0,0.0438,0.00671,0.134,0.147,0.288,167.997,audio_features,1zB4vmk8tFRmM9UULNzbLB,spotify:track:1zB4vmk8tFRmM9UULNzbLB,https://api.spotify.com/v1/tracks/1zB4vmk8tFRmM9UULNzbLB,https://api.spotify.com/v1/audio-analysis/1zB4vmk8tFRmM9UULNzbLB,187147.0,4.0
251,Taylor Swift,Delicate,0.75,0.404,9.0,-10.178,0.0,0.0682,0.216,0.000357,0.0911,0.0499,95.045,audio_features,6NFyWDv5CjfwuzoCkw47Xf,spotify:track:6NFyWDv5CjfwuzoCkw47Xf,https://api.spotify.com/v1/tracks/6NFyWDv5CjfwuzoCkw47Xf,https://api.spotify.com/v1/audio-analysis/6NFyWDv5CjfwuzoCkw47Xf,232253.0,4.0
252,Halsey,Bad at Love,0.675,0.751,0.0,-3.539,1.0,0.0296,0.0604,0.0,0.0893,0.612,118.384,audio_features,7y9iMe8SOB6z3NoHE2OfXl,spotify:track:7y9iMe8SOB6z3NoHE2OfXl,https://api.spotify.com/v1/tracks/7y9iMe8SOB6z3NoHE2OfXl,https://api.spotify.com/v1/audio-analysis/7y9iMe8SOB6z3NoHE2OfXl,181279.0,4.0
253,NF,Let You Down,0.662,0.714,5.0,-5.68,0.0,0.121,0.312,0.0,0.179,0.464,147.997,audio_features,52okn5MNA47tk87PeZJLEL,spotify:track:52okn5MNA47tk87PeZJLEL,https://api.spotify.com/v1/tracks/52okn5MNA47tk87PeZJLEL,https://api.spotify.com/v1/audio-analysis/52okn5MNA47tk87PeZJLEL,212120.0,4.0
254,Dan + Shay,Tequila,0.489,0.581,11.0,-5.731,1.0,0.0281,0.0312,0.0,0.132,0.494,86.016,audio_features,42fw0rxRO2xbesF6mJfd4Y,spotify:track:42fw0rxRO2xbesF6mJfd4Y,https://api.spotify.com/v1/tracks/42fw0rxRO2xbesF6mJfd4Y,https://api.spotify.com/v1/audio-analysis/42fw0rxRO2xbesF6mJfd4Y,196747.0,4.0
255,Portugal. The Man,Feel It Still,0.801,0.795,1.0,-5.115,0.0,0.0504,0.0417,0.000113,0.0717,0.754,79.028,audio_features,6QgjcU0zLnzq5OrUoSZ3OK,spotify:track:6QgjcU0zLnzq5OrUoSZ3OK,https://api.spotify.com/v1/tracks/6QgjcU0zLnzq5OrUoSZ3OK,https://api.spotify.com/v1/audio-analysis/6QgjcU0zLnzq5OrUoSZ3OK,163253.0,4.0
256,Lauv,I Like Me Better,0.752,0.505,9.0,-7.621,1.0,0.253,0.535,2.55e-06,0.104,0.419,91.97,audio_features,2P91MQbaiQOfbiz9VqhqKQ,spotify:track:2P91MQbaiQOfbiz9VqhqKQ,https://api.spotify.com/v1/tracks/2P91MQbaiQOfbiz9VqhqKQ,https://api.spotify.com/v1/audio-analysis/2P91MQbaiQOfbiz9VqhqKQ,197437.0,4.0
257,5 Seconds of Summer,Youngblood,0.596,0.854,7.0,-5.114,0.0,0.463,0.0169,0.0,0.124,0.152,120.274,audio_features,2iUXsYOEPhVqEBwsqP70rE,spotify:track:2iUXsYOEPhVqEBwsqP70rE,https://api.spotify.com/v1/tracks/2iUXsYOEPhVqEBwsqP70rE,https://api.spotify.com/v1/audio-analysis/2iUXsYOEPhVqEBwsqP70rE,203418.0,4.0
258,Imagine Dragons,Whatever It Takes,0.672,0.655,10.0,-5.021,0.0,0.0311,0.0362,0.0,0.117,0.556,134.945,audio_features,6Qn5zhYkTa37e91HC1D7lb,spotify:track:6Qn5zhYkTa37e91HC1D7lb,https://api.spotify.com/v1/tracks/6Qn5zhYkTa37e91HC1D7lb,https://api.spotify.com/v1/audio-analysis/6Qn5zhYkTa37e91HC1D7lb,201240.0,4.0
259,Post Malone,I Fall Apart,0.556,0.538,8.0,-5.408,0.0,0.0382,0.0689,0.0,0.196,0.291,143.95,audio_features,75ZvA4QfFiZvzhj2xkaWAh,spotify:track:75ZvA4QfFiZvzhj2xkaWAh,https://api.spotify.com/v1/tracks/75ZvA4QfFiZvzhj2xkaWAh,https://api.spotify.com/v1/audio-analysis/75ZvA4QfFiZvzhj2xkaWAh,223347.0,4.0
260,Selena Gomez,Back to You,0.601,0.724,6.0,-4.856,1.0,0.0486,0.0945,1.68e-06,0.12,0.508,102.061,audio_features,4hQ6UGyWQIGJmHSo0J88JW,spotify:track:4hQ6UGyWQIGJmHSo0J88JW,https://api.spotify.com/v1/tracks/4hQ6UGyWQIGJmHSo0J88JW,https://api.spotify.com/v1/audio-analysis/4hQ6UGyWQIGJmHSo0J88JW,207905.0,4.0
261,Travis Scott,Sicko Mode,0.834,0.73,8.0,-3.714,1.0,0.222,0.00513,0.0,0.124,0.446,155.008,audio_features,2xLMifQCjDGFmkHkpNLD9h,spotify:track:2xLMifQCjDGFmkHkpNLD9h,https://api.spotify.com/v1/tracks/2xLMifQCjDGFmkHkpNLD9h,https://api.spotify.com/v1/audio-analysis/2xLMifQCjDGFmkHkpNLD9h,312820.0,4.0
262,Lil Pump,Gucci Gang,0.936,0.523,5.0,-6.71,1.0,0.0597,0.239,0.0,0.117,0.699,119.889,audio_features,43ZyHQITOjhciSUUNPVRHc,spotify:track:43ZyHQITOjhciSUUNPVRHc,https://api.spotify.com/v1/tracks/43ZyHQITOjhciSUUNPVRHc,https://api.spotify.com/v1/audio-analysis/43ZyHQITOjhciSUUNPVRHc,124056.0,4.0
263,G-Eazy and Halsey,Him & I,0.74,0.072,3.0,-17.984,1.0,0.0713,0.981,0.00698,0.111,0.297,139.081,audio_features,2QzKAF0y1BQhxwg8N05Uog,spotify:track:2QzKAF0y1BQhxwg8N05Uog,https://api.spotify.com/v1/tracks/2QzKAF0y1BQhxwg8N05Uog,https://api.spotify.com/v1/audio-analysis/2QzKAF0y1BQhxwg8N05Uog,143080.0,4.0
264,Shawn Mendes,In My Blood,0.622,0.712,5.0,-7.321,1.0,0.066,0.0573,0.0,0.13,0.487,140.025,audio_features,2QZ7WLBE8h2y1Y5Fb8RYbH,spotify:track:2QZ7WLBE8h2y1Y5Fb8RYbH,https://api.spotify.com/v1/tracks/2QZ7WLBE8h2y1Y5Fb8RYbH,https://api.spotify.com/v1/audio-analysis/2QZ7WLBE8h2y1Y5Fb8RYbH,211360.0,4.0
265,Kendrick Lamar and SZA,All the Stars,0.705,0.628,5.0,-5.362,0.0,0.0489,0.0287,0.0193,0.0863,0.465,96.799,audio_features,66kQ7wr4d2LwwSjr7HXcyr,spotify:track:66kQ7wr4d2LwwSjr7HXcyr,https://api.spotify.com/v1/tracks/66kQ7wr4d2LwwSjr7HXcyr,https://api.spotify.com/v1/audio-analysis/66kQ7wr4d2LwwSjr7HXcyr,235540.0,4.0
266,Migos,Stir Fry,0.817,0.816,2.0,-5.402,1.0,0.269,0.00263,0.0,0.159,0.508,181.982,audio_features,2UVbBKQOdFAekPTRsnkzcf,spotify:track:2UVbBKQOdFAekPTRsnkzcf,https://api.spotify.com/v1/tracks/2UVbBKQOdFAekPTRsnkzcf,https://api.spotify.com/v1/audio-analysis/2UVbBKQOdFAekPTRsnkzcf,190288.0,4.0
267,Sam Smith,Too Good at Goodbyes,0.681,0.372,5.0,-8.237,1.0,0.0432,0.64,0.0,0.169,0.476,91.873,audio_features,3VlbOrM6nYPprVvzBZllE5,spotify:track:3VlbOrM6nYPprVvzBZllE5,https://api.spotify.com/v1/tracks/3VlbOrM6nYPprVvzBZllE5,https://api.spotify.com/v1/audio-analysis/3VlbOrM6nYPprVvzBZllE5,201000.0,4.0
268,Halsey,Without Me,0.752,0.488,6.0,-7.05,1.0,0.0705,0.297,9.11e-06,0.0936,0.533,136.041,audio_features,5p7ujcrUXASCNwRaWNHR1C,spotify:track:5p7ujcrUXASCNwRaWNHR1C,https://api.spotify.com/v1/tracks/5p7ujcrUXASCNwRaWNHR1C,https://api.spotify.com/v1/audio-analysis/5p7ujcrUXASCNwRaWNHR1C,201661.0,4.0
269,Billie Eilish,Bad Guy,0.701,0.425,7.0,-10.965,1.0,0.375,0.328,0.13,0.1,0.562,135.128,audio_features,2Fxmhks0bxGSBdJ92vM42m,spotify:track:2Fxmhks0bxGSBdJ92vM42m,https://api.spotify.com/v1/tracks/2Fxmhks0bxGSBdJ92vM42m,https://api.spotify.com/v1/audio-analysis/2Fxmhks0bxGSBdJ92vM42m,194088.0,4.0
270,Post Malone,Wow,0.829,0.539,11.0,-7.359,0.0,0.208,0.136,1.78e-06,0.103,0.388,99.96,audio_features,7xQAfvXzm3AkraOtGPWIZg,spotify:track:7xQAfvXzm3AkraOtGPWIZg,https://api.spotify.com/v1/tracks/7xQAfvXzm3AkraOtGPWIZg,https://api.spotify.com/v1/audio-analysis/7xQAfvXzm3AkraOtGPWIZg,149547.0,4.0
271,Ariana Grande,7 Rings,0.778,0.317,1.0,-10.732,0.0,0.334,0.592,0.0,0.0881,0.327,140.048,audio_features,6ocbgoVGwYJhOv1GgI9NsF,spotify:track:6ocbgoVGwYJhOv1GgI9NsF,https://api.spotify.com/v1/tracks/6ocbgoVGwYJhOv1GgI9NsF,https://api.spotify.com/v1/audio-analysis/6ocbgoVGwYJhOv1GgI9NsF,178627.0,4.0
272,Khalid,Talk,0.9,0.4,0.0,-8.575,1.0,0.127,0.0516,0.0,0.0599,0.346,135.984,audio_features,6TqXcAFInzjp0bODyvrWEq,spotify:track:6TqXcAFInzjp0bODyvrWEq,https://api.spotify.com/v1/tracks/6TqXcAFInzjp0bODyvrWEq,https://api.spotify.com/v1/audio-analysis/6TqXcAFInzjp0bODyvrWEq,197573.0,4.0
273,Travis Scott,Sicko Mode,0.834,0.73,8.0,-3.714,1.0,0.222,0.00513,0.0,0.124,0.446,155.008,audio_features,2xLMifQCjDGFmkHkpNLD9h,spotify:track:2xLMifQCjDGFmkHkpNLD9h,https://api.spotify.com/v1/tracks/2xLMifQCjDGFmkHkpNLD9h,https://api.spotify.com/v1/audio-analysis/2xLMifQCjDGFmkHkpNLD9h,312820.0,4.0
274,Jonas Brothers,Sucker,0.842,0.734,1.0,-5.065,0.0,0.0588,0.0427,0.0,0.106,0.952,137.958,audio_features,22vgEDb5hykfaTwLuskFGD,spotify:track:22vgEDb5hykfaTwLuskFGD,https://api.spotify.com/v1/tracks/22vgEDb5hykfaTwLuskFGD,https://api.spotify.com/v1/audio-analysis/22vgEDb5hykfaTwLuskFGD,181027.0,4.0
275,Panic! at the Disco,High Hopes,0.579,0.904,5.0,-2.729,1.0,0.0618,0.193,0.0,0.064,0.681,82.014,audio_features,1rqqCSm0Qe4I9rUvWncaom,spotify:track:1rqqCSm0Qe4I9rUvWncaom,https://api.spotify.com/v1/tracks/1rqqCSm0Qe4I9rUvWncaom,https://api.spotify.com/v1/audio-analysis/1rqqCSm0Qe4I9rUvWncaom,190947.0,4.0
276,Ariana Grande,"Thank U, Next",0.717,0.653,1.0,-5.634,1.0,0.0658,0.229,0.0,0.101,0.412,106.966,audio_features,3e9HZxeyfWwjeyPAMmWSSQ,spotify:track:3e9HZxeyfWwjeyPAMmWSSQ,https://api.spotify.com/v1/tracks/3e9HZxeyfWwjeyPAMmWSSQ,https://api.spotify.com/v1/audio-analysis/3e9HZxeyfWwjeyPAMmWSSQ,207320.0,4.0
277,Lizzo,Truth Hurts,0.715,0.624,4.0,-3.046,0.0,0.114,0.11,0.0,0.123,0.412,158.087,audio_features,3HWzoMvoF3TQfYg4UPszDq,spotify:track:3HWzoMvoF3TQfYg4UPszDq,https://api.spotify.com/v1/tracks/3HWzoMvoF3TQfYg4UPszDq,https://api.spotify.com/v1/audio-analysis/3HWzoMvoF3TQfYg4UPszDq,173325.0,4.0
278,Ed Sheeran and Justin Bieber,I Don't Care,0.798,0.675,6.0,-5.041,1.0,0.0442,0.0912,0.0,0.0894,0.842,101.956,audio_features,3HVWdVOQ0ZA45FuZGSfvns,spotify:track:3HVWdVOQ0ZA45FuZGSfvns,https://api.spotify.com/v1/tracks/3HVWdVOQ0ZA45FuZGSfvns,https://api.spotify.com/v1/audio-analysis/3HVWdVOQ0ZA45FuZGSfvns,219947.0,4.0
279,Lady Gaga and Bradley Cooper,Shallow,0.572,0.385,7.0,-6.362,1.0,0.0308,0.371,0.0,0.231,0.323,95.799,audio_features,2VxeLyX666F8uXCJ0dZF8B,spotify:track:2VxeLyX666F8uXCJ0dZF8B,https://api.spotify.com/v1/tracks/2VxeLyX666F8uXCJ0dZF8B,https://api.spotify.com/v1/audio-analysis/2VxeLyX666F8uXCJ0dZF8B,215733.0,4.0
280,Khalid,Better,0.596,0.552,0.0,-10.278,0.0,0.097,0.0765,0.334,0.104,0.112,97.949,audio_features,6zeeWid2sgw4lap2jV61PZ,spotify:track:6zeeWid2sgw4lap2jV61PZ,https://api.spotify.com/v1/tracks/6zeeWid2sgw4lap2jV61PZ,https://api.spotify.com/v1/audio-analysis/6zeeWid2sgw4lap2jV61PZ,229320.0,4.0
281,Ava Max,Sweet but Psycho,0.72,0.706,1.0,-4.719,1.0,0.0473,0.0684,0.0,0.166,0.62,133.002,audio_features,7DnAm9FOTWE3cUvso43HhI,spotify:track:7DnAm9FOTWE3cUvso43HhI,https://api.spotify.com/v1/tracks/7DnAm9FOTWE3cUvso43HhI,https://api.spotify.com/v1/audio-analysis/7DnAm9FOTWE3cUvso43HhI,187436.0,4.0
282,DaBaby,Suge,0.876,0.662,2.0,-6.482,0.0,0.426,0.0608,0.0,0.127,0.844,75.445,audio_features,2gwkD6igEhQbDQegRCcdoB,spotify:track:2gwkD6igEhQbDQegRCcdoB,https://api.spotify.com/v1/tracks/2gwkD6igEhQbDQegRCcdoB,https://api.spotify.com/v1/audio-analysis/2gwkD6igEhQbDQegRCcdoB,163320.0,4.0
283,J. Cole,Middle Child,0.837,0.364,8.0,-11.713,1.0,0.276,0.149,0.0,0.271,0.463,123.984,audio_features,2JvzF1RMd7lE3KmFlsyZD8,spotify:track:2JvzF1RMd7lE3KmFlsyZD8,https://api.spotify.com/v1/tracks/2JvzF1RMd7lE3KmFlsyZD8,https://api.spotify.com/v1/audio-analysis/2JvzF1RMd7lE3KmFlsyZD8,213594.0,4.0
284,Lil Baby and Gunna,Drip Too Hard,0.897,0.662,1.0,-6.903,0.0,0.292,0.0852,0.0,0.534,0.389,112.511,audio_features,78QR3Wp35dqAhFEc2qAGjE,spotify:track:78QR3Wp35dqAhFEc2qAGjE,https://api.spotify.com/v1/tracks/78QR3Wp35dqAhFEc2qAGjE,https://api.spotify.com/v1/audio-analysis/78QR3Wp35dqAhFEc2qAGjE,145543.0,4.0
285,Lewis Capaldi,Someone You Loved,0.501,0.405,1.0,-5.679,1.0,0.0319,0.751,0.0,0.105,0.446,109.891,audio_features,7qEHsqek33rTcFNT9PFqLf,spotify:track:7qEHsqek33rTcFNT9PFqLf,https://api.spotify.com/v1/tracks/7qEHsqek33rTcFNT9PFqLf,https://api.spotify.com/v1/audio-analysis/7qEHsqek33rTcFNT9PFqLf,182161.0,4.0
286,Lil Tecca,Ransom,0.745,0.642,7.0,-6.257,0.0,0.287,0.0204,0.0,0.0658,0.226,179.974,audio_features,1lOe9qE0vR9zwWQAOk6CoO,spotify:track:1lOe9qE0vR9zwWQAOk6CoO,https://api.spotify.com/v1/tracks/1lOe9qE0vR9zwWQAOk6CoO,https://api.spotify.com/v1/audio-analysis/1lOe9qE0vR9zwWQAOk6CoO,131240.0,4.0
287,Shawn Mendes,If I Can't Have You,0.692,0.809,2.0,-4.198,1.0,0.0602,0.524,0.0,0.147,0.864,123.911,audio_features,6LsAAHotRLMOHfCsSfYCsz,spotify:track:6LsAAHotRLMOHfCsSfYCsz,https://api.spotify.com/v1/tracks/6LsAAHotRLMOHfCsSfYCsz,https://api.spotify.com/v1/audio-analysis/6LsAAHotRLMOHfCsSfYCsz,190800.0,4.0
288,Post Malone,Better Now,0.68,0.578,10.0,-5.804,1.0,0.04,0.331,0.0,0.135,0.341,145.038,audio_features,7dt6x5M1jzdTEt8oCbisTK,spotify:track:7dt6x5M1jzdTEt8oCbisTK,https://api.spotify.com/v1/tracks/7dt6x5M1jzdTEt8oCbisTK,https://api.spotify.com/v1/audio-analysis/7dt6x5M1jzdTEt8oCbisTK,231267.0,4.0
289,5 Seconds of Summer,Youngblood,0.596,0.854,7.0,-5.114,0.0,0.463,0.0169,0.0,0.124,0.152,120.274,audio_features,2iUXsYOEPhVqEBwsqP70rE,spotify:track:2iUXsYOEPhVqEBwsqP70rE,https://api.spotify.com/v1/tracks/2iUXsYOEPhVqEBwsqP70rE,https://api.spotify.com/v1/audio-analysis/2iUXsYOEPhVqEBwsqP70rE,203418.0,4.0
290,Dan + Shay,Speechless,0.616,0.438,1.0,-5.968,1.0,0.0298,0.356,0.0,0.24,0.386,135.929,audio_features,3GJ4hzg4lrGwU51Y3VARbF,spotify:track:3GJ4hzg4lrGwU51Y3VARbF,https://api.spotify.com/v1/tracks/3GJ4hzg4lrGwU51Y3VARbF,https://api.spotify.com/v1/audio-analysis/3GJ4hzg4lrGwU51Y3VARbF,213387.0,4.0
291,Ariana Grande,"Break Up with Your Girlfriend, I'm Bored",0.726,0.554,5.0,-5.29,0.0,0.0917,0.0421,0.0,0.106,0.335,169.999,audio_features,4kV4N9D1iKVxx1KLvtTpjS,spotify:track:4kV4N9D1iKVxx1KLvtTpjS,https://api.spotify.com/v1/tracks/4kV4N9D1iKVxx1KLvtTpjS,https://api.spotify.com/v1/audio-analysis/4kV4N9D1iKVxx1KLvtTpjS,190440.0,4.0
292,Cardi B,Money,0.95,0.59,8.0,-6.508,0.0,0.29,0.00534,0.0,0.11,0.219,130.003,audio_features,2GGMabyHXnJmjY6CXhhB2e,spotify:track:2GGMabyHXnJmjY6CXhhB2e,https://api.spotify.com/v1/tracks/2GGMabyHXnJmjY6CXhhB2e,https://api.spotify.com/v1/audio-analysis/2GGMabyHXnJmjY6CXhhB2e,183527.0,4.0
293,Taylor Swift,You Need to Calm Down,0.771,0.671,2.0,-5.617,1.0,0.0553,0.00929,0.0,0.0637,0.714,85.026,audio_features,6RRNNciQGZEXnqk8SQ9yv5,spotify:track:6RRNNciQGZEXnqk8SQ9yv5,https://api.spotify.com/v1/tracks/6RRNNciQGZEXnqk8SQ9yv5,https://api.spotify.com/v1/audio-analysis/6RRNNciQGZEXnqk8SQ9yv5,171360.0,4.0
294,Lil Nas X,Panini,0.703,0.594,5.0,-6.146,0.0,0.0752,0.342,0.0,0.123,0.475,153.848,audio_features,1000nHvUdawXuUHgBod4Wv,spotify:track:1000nHvUdawXuUHgBod4Wv,https://api.spotify.com/v1/tracks/1000nHvUdawXuUHgBod4Wv,https://api.spotify.com/v1/audio-analysis/1000nHvUdawXuUHgBod4Wv,114893.0,4.0
295,A Boogie wit da Hoodie,Look Back at It,0.791,0.587,3.0,-5.075,0.0,0.0413,0.407,0.0,0.148,0.536,96.057,audio_features,3Ol2xnObFdKV9pmRD2t9x8,spotify:track:3Ol2xnObFdKV9pmRD2t9x8,https://api.spotify.com/v1/tracks/3Ol2xnObFdKV9pmRD2t9x8,https://api.spotify.com/v1/audio-analysis/3Ol2xnObFdKV9pmRD2t9x8,179449.0,4.0
296,21 Savage,A Lot,0.837,0.636,1.0,-7.643,1.0,0.086,0.0395,0.00125,0.342,0.274,145.972,audio_features,2t8yVaLvJ0RenpXUIAC52d,spotify:track:2t8yVaLvJ0RenpXUIAC52d,https://api.spotify.com/v1/tracks/2t8yVaLvJ0RenpXUIAC52d,https://api.spotify.com/v1/audio-analysis/2t8yVaLvJ0RenpXUIAC52d,288624.0,4.0
297,Luke Combs,Beautiful Crazy,0.551,0.402,11.0,-7.431,1.0,0.0262,0.676,0.0,0.0928,0.382,103.313,audio_features,2rxQMGVafnNaRaXlRMWPde,spotify:track:2rxQMGVafnNaRaXlRMWPde,https://api.spotify.com/v1/tracks/2rxQMGVafnNaRaXlRMWPde,https://api.spotify.com/v1/audio-analysis/2rxQMGVafnNaRaXlRMWPde,193200.0,4.0
298,Blueface,Thotiana,0.906,0.382,10.0,-12.89,0.0,0.269,0.18,0.0,0.113,0.391,104.025,audio_features,5GBuCHuPKx6UC7VsSPK0t3,spotify:track:5GBuCHuPKx6UC7VsSPK0t3,https://api.spotify.com/v1/tracks/5GBuCHuPKx6UC7VsSPK0t3,https://api.spotify.com/v1/audio-analysis/5GBuCHuPKx6UC7VsSPK0t3,129264.0,4.0
299,Juice Wrld,Lucid Dreams,0.511,0.566,6.0,-7.23,0.0,0.2,0.349,0.0,0.34,0.218,83.903,audio_features,285pBltuF7vW8TeWk8hdRR,spotify:track:285pBltuF7vW8TeWk8hdRR,https://api.spotify.com/v1/tracks/285pBltuF7vW8TeWk8hdRR,https://api.spotify.com/v1/audio-analysis/285pBltuF7vW8TeWk8hdRR,239836.0,4.0
300,Sheck Wes,Mo Bamba,0.729,0.625,4.0,-5.266,1.0,0.0315,0.194,0.00986,0.248,0.261,146.034,audio_features,1xzBco0xcoJEDXktl7Jxrr,spotify:track:1xzBco0xcoJEDXktl7Jxrr,https://api.spotify.com/v1/tracks/1xzBco0xcoJEDXktl7Jxrr,https://api.spotify.com/v1/audio-analysis/1xzBco0xcoJEDXktl7Jxrr,183907.0,4.0
